STATE_UT_NAME,DISTRICT_x,JAN_x,FEB_x,MAR_x,APR_x,MAY_x,JUN_x,JUL_x,AUG_x,SEP_x,OCT_x,NOV_x,DEC_x,ANNUAL_x,Jan-Feb_x,Mar-May_x,Jun-Sep_x,Oct-Dec_x,DISTRICT_y,JAN_y,FEB_y,MAR_y,APR_y,MAY_y,JUN_y,JUL_y,AUG_y,SEP_y,OCT_y,NOV_y,DEC_y,ANNUAL_y,Jan-Feb_y,Mar-May_y,Jun-Sep_y,Oct-Dec_y,Prediction
KARNATAKA,UTTAR KANNADA,0.3,0.1,2.7,22.1,114.0,740.9,1053.8,667.7,258.5,155.1,44.1,11.2,3070.5,0.4,138.8,2720.9,210.4,UTTAR KANNADA,0.3,0.1,2.7,22.1,114.0,740.9,1053.8,667.7,258.5,155.1,44.1,11.2,3070.5,0.4,138.8,2720.9,210.4,3070.5
KARNATAKA,UTTAR KANNADA,0.3,0.1,2.7,22.1,114.0,740.9,1053.8,667.7,258.5,155.1,44.1,11.2,3070.5,0.4,138.8,2720.9,210.4,DAKSHIN KANDA,1.9,0.7,6.4,39.8,180.9,977.2,1227.2,833.6,313.6,236.9,82.0,15.6,3915.8,2.6,227.1,3351.6,334.5,3915.8
KARNATAKA,UTTAR KANNADA,0.3,0.1,2.7,22.1,114.0,740.9,1053.8,667.7,258.5,155.1,44.1,11.2,3070.5,0.4,138.8,2720.9,210.4,UDUPI,1.4,0.4,4.1,29.4,193.8,1081.0,1371.6,902.2,404.9,223.8,74.6,18.8,4306.0,1.8,227.3,3759.7,317.2,4306.0
KARNATAKA,UTTAR KANNADA,0.3,0.1,2.7,22.1,114.0,740.9,1053.8,667.7,258.5,155.1,44.1,11.2,3070.5,0.4,138.8,2720.9,210.4,BELGAM,0.7,0.9,6.2,30.2,74.8,130.4,204.0,126.7,113.0,116.6,30.6,5.1,839.2,1.6,111.2,574.1,152.3,839.2
KARNATAKA,UTTAR KANNADA,0.3,0.1,2.7,22.1,114.0,740.9,1053.8,667.7,258.5,155.1,44.1,11.2,3070.5,0.4,138.8,2720.9,210.4,BIDAR,5.9,6.1,10.1,21.7,31.4,137.1,190.7,196.6,170.5,93.5,20.9,6.2,890.7,12.0,63.2,694.9,120.6,890.7
KARNATAKA,UTTAR KANNADA,0.3,0.1,2.7,22.1,114.0,740.9,1053.8,667.7,258.5,155.1,44.1,11.2,3070.5,0.4,138.8,2720.9,210.4,BIJAPUR,2.4,2.7,5.2,20.1,46.5,94.5,91.8,91.3,158.4,111.7,24.9,6.9,656.4,5.1,71.8,436.0,143.5,656.4
KARNATAKA,UTTAR KANNADA,0.3,0.1,2.7,22.1,114.0,740.9,1053.8,667.7,258.5,155.1,44.1,11.2,3070.5,0.4,138.8,2720.9,210.4,DHARWAD,2.3,3.2,6.9,46.6,82.5,113.8,149.1,101.6,119.5,120.4,39.6,6.2,791.7,5.5,136.0,484.0,166.2,791.7
KARNATAKA,UTTAR KANNADA,0.3,0.1,2.7,22.1,114.0,740.9,1053.8,667.7,258.5,155.1,44.1,11.2,3070.5,0.4,138.8,2720.9,210.4,GULBARGA,4.3,2.9,6.2,19.7,36.4,112.8,156.1,167.6,184.0,105.3,20.8,4.5,820.6,7.2,62.3,620.5,130.6,820.6
KARNATAKA,UTTAR KANNADA,0.3,0.1,2.7,22.1,114.0,740.9,1053.8,667.7,258.5,155.1,44.1,11.2,3070.5,0.4,138.8,2720.9,210.4,YADGIR,4.4,3.6,5.2,20.5,36.8,116.8,153.0,161.2,179.8,123.4,24.5,5.3,834.5,8.0,62.5,610.8,153.2,834.5
KARNATAKA,UTTAR KANNADA,0.3,0.1,2.7,22.1,114.0,740.9,1053.8,667.7,258.5,155.1,44.1,11.2,3070.5,0.4,138.8,2720.9,210.4,RAICHUR,1.4,2.0,4.1,17.7,40.5,81.7,110.2,122.2,147.5,110.5,21.4,5.9,665.1,3.4,62.3,461.6,137.8,665.1
KARNATAKA,UTTAR KANNADA,0.3,0.1,2.7,22.1,114.0,740.9,1053.8,667.7,258.5,155.1,44.1,11.2,3070.5,0.4,138.8,2720.9,210.4,BAGALKOTE,1.8,1.5,4.5,23.5,57.3,80.1,73.6,72.5,137.1,112.8,25.3,7.0,597.0,3.3,85.3,363.3,145.1,597.0
KARNATAKA,UTTAR KANNADA,0.3,0.1,2.7,22.1,114.0,740.9,1053.8,667.7,258.5,155.1,44.1,11.2,3070.5,0.4,138.8,2720.9,210.4,GADAG,1.2,1.0,3.9,33.5,71.7,85.1,70.4,75.3,137.5,121.1,33.0,7.5,641.2,2.2,109.1,368.3,161.6,641.2
KARNATAKA,UTTAR KANNADA,0.3,0.1,2.7,22.1,114.0,740.9,1053.8,667.7,258.5,155.1,44.1,11.2,3070.5,0.4,138.8,2720.9,210.4,HAVERI,0.3,0.5,4.0,43.6,78.5,114.7,169.8,111.1,99.5,119.0,43.9,7.0,791.9,0.8,126.1,495.1,169.9,791.9
KARNATAKA,UTTAR KANNADA,0.3,0.1,2.7,22.1,114.0,740.9,1053.8,667.7,258.5,155.1,44.1,11.2,3070.5,0.4,138.8,2720.9,210.4,KOPPAL,1.2,0.4,2.5,19.2,50.5,72.2,75.6,89.1,145.7,108.1,25.8,8.0,598.3,1.6,72.2,382.6,141.9,598.3
KARNATAKA,UTTAR KANNADA,0.3,0.1,2.7,22.1,114.0,740.9,1053.8,667.7,258.5,155.1,44.1,11.2,3070.5,0.4,138.8,2720.9,210.4,BANGALORE RUR,1.7,5.8,7.6,36.2,93.1,71.2,91.7,118.1,170.9,171.8,55.4,13.5,837.0,7.5,136.9,451.9,240.7,837.0
KARNATAKA,UTTAR KANNADA,0.3,0.1,2.7,22.1,114.0,740.9,1053.8,667.7,258.5,155.1,44.1,11.2,3070.5,0.4,138.8,2720.9,210.4,BELLARY,1.4,1.4,2.9,26.2,57.9,72.4,77.0,89.3,137.3,116.3,31.1,9.6,622.8,2.8,87.0,376.0,157.0,622.8
KARNATAKA,UTTAR KANNADA,0.3,0.1,2.7,22.1,114.0,740.9,1053.8,667.7,258.5,155.1,44.1,11.2,3070.5,0.4,138.8,2720.9,210.4,CHIKMAGALUR,1.6,2.0,12.0,60.2,105.9,395.0,662.1,425.0,175.2,167.4,58.8,12.3,2077.5,3.6,178.1,1657.3,238.5,2077.5
KARNATAKA,UTTAR KANNADA,0.3,0.1,2.7,22.1,114.0,740.9,1053.8,667.7,258.5,155.1,44.1,11.2,3070.5,0.4,138.8,2720.9,210.4,CHITRADURGA,1.4,1.2,4.4,25.8,64.9,50.5,56.1,58.9,105.5,116.4,33.8,8.8,527.7,2.6,95.1,271.0,159.0,527.7
KARNATAKA,UTTAR KANNADA,0.3,0.1,2.7,22.1,114.0,740.9,1053.8,667.7,258.5,155.1,44.1,11.2,3070.5,0.4,138.8,2720.9,210.4,KODAGU,3.5,4.2,18.5,89.8,152.7,542.2,884.4,543.9,211.4,201.7,71.6,17.5,2741.4,7.7,261.0,2181.9,290.8,2741.4
KARNATAKA,UTTAR KANNADA,0.3,0.1,2.7,22.1,114.0,740.9,1053.8,667.7,258.5,155.1,44.1,11.2,3070.5,0.4,138.8,2720.9,210.4,HASSAN,1.3,2.5,10.7,55.1,102.2,125.0,203.8,130.0,115.5,156.0,54.1,10.9,967.1,3.8,168.0,574.3,221.0,967.1
KARNATAKA,UTTAR KANNADA,0.3,0.1,2.7,22.1,114.0,740.9,1053.8,667.7,258.5,155.1,44.1,11.2,3070.5,0.4,138.8,2720.9,210.4,KOLAR,2.7,4.5,10.4,27.8,74.4,63.3,76.4,91.2,151.8,148.2,58.8,21.6,731.1,7.2,112.6,382.7,228.6,731.1
KARNATAKA,UTTAR KANNADA,0.3,0.1,2.7,22.1,114.0,740.9,1053.8,667.7,258.5,155.1,44.1,11.2,3070.5,0.4,138.8,2720.9,210.4,MANDYA,1.9,3.6,7.6,45.3,105.1,48.7,49.3,58.9,128.2,153.1,47.0,14.0,662.7,5.5,158.0,285.1,214.1,662.7
KARNATAKA,UTTAR KANNADA,0.3,0.1,2.7,22.1,114.0,740.9,1053.8,667.7,258.5,155.1,44.1,11.2,3070.5,0.4,138.8,2720.9,210.4,MYSORE,2.5,3.5,11.4,58.7,124.6,79.7,92.4,64.8,106.7,152.4,48.8,13.1,758.6,6.0,194.7,343.6,214.3,758.6
KARNATAKA,UTTAR KANNADA,0.3,0.1,2.7,22.1,114.0,740.9,1053.8,667.7,258.5,155.1,44.1,11.2,3070.5,0.4,138.8,2720.9,210.4,SHIMOGA,0.5,0.4,6.3,38.0,78.3,346.8,624.3,403.8,139.1,137.5,44.6,8.3,1827.9,0.9,122.6,1514.0,190.4,1827.9
KARNATAKA,UTTAR KANNADA,0.3,0.1,2.7,22.1,114.0,740.9,1053.8,667.7,258.5,155.1,44.1,11.2,3070.5,0.4,138.8,2720.9,210.4,TUMKUR,2.4,3.0,7.1,34.0,87.1,61.5,69.7,79.5,148.5,148.9,46.7,10.1,698.5,5.4,128.2,359.2,205.7,698.5
KARNATAKA,UTTAR KANNADA,0.3,0.1,2.7,22.1,114.0,740.9,1053.8,667.7,258.5,155.1,44.1,11.2,3070.5,0.4,138.8,2720.9,210.4,BANGALORE URB,2.3,6.7,8.2,39.2,106.3,73.9,91.6,128.9,181.3,159.7,53.9,18.0,870.0,9.0,153.7,475.7,231.6,870.0
KARNATAKA,UTTAR KANNADA,0.3,0.1,2.7,22.1,114.0,740.9,1053.8,667.7,258.5,155.1,44.1,11.2,3070.5,0.4,138.8,2720.9,210.4,CHAMARAJANAGA,3.4,6.0,13.2,69.2,131.2,61.8,68.7,66.0,124.1,157.8,62.7,24.3,788.4,9.4,213.6,320.6,244.8,788.4
KARNATAKA,UTTAR KANNADA,0.3,0.1,2.7,22.1,114.0,740.9,1053.8,667.7,258.5,155.1,44.1,11.2,3070.5,0.4,138.8,2720.9,210.4,DAVANGERE,1.1,0.8,4.2,35.0,74.0,78.7,102.9,87.0,116.3,124.4,44.9,7.4,676.7,1.9,113.2,384.9,176.7,676.7
KARNATAKA,UTTAR KANNADA,0.3,0.1,2.7,22.1,114.0,740.9,1053.8,667.7,258.5,155.1,44.1,11.2,3070.5,0.4,138.8,2720.9,210.4,RAMNAGAR(BNGR),1.5,4.7,10.2,47.9,122.3,73.1,84.5,108.8,187.6,174.1,54.0,15.0,883.7,6.2,180.4,454.0,243.1,883.7
KARNATAKA,UTTAR KANNADA,0.3,0.1,2.7,22.1,114.0,740.9,1053.8,667.7,258.5,155.1,44.1,11.2,3070.5,0.4,138.8,2720.9,210.4,CHICKBALLAPUR,2.1,4.6,8.2,27.2,69.4,64.3,89.2,104.9,153.4,156.8,52.9,15.5,748.5,6.7,104.8,411.8,225.2,748.5
KARNATAKA,DAKSHIN KANDA,1.9,0.7,6.4,39.8,180.9,977.2,1227.2,833.6,313.6,236.9,82.0,15.6,3915.8,2.6,227.1,3351.6,334.5,UTTAR KANNADA,0.3,0.1,2.7,22.1,114.0,740.9,1053.8,667.7,258.5,155.1,44.1,11.2,3070.5,0.4,138.8,2720.9,210.4,3070.5
KARNATAKA,DAKSHIN KANDA,1.9,0.7,6.4,39.8,180.9,977.2,1227.2,833.6,313.6,236.9,82.0,15.6,3915.8,2.6,227.1,3351.6,334.5,DAKSHIN KANDA,1.9,0.7,6.4,39.8,180.9,977.2,1227.2,833.6,313.6,236.9,82.0,15.6,3915.8,2.6,227.1,3351.6,334.5,3915.8
KARNATAKA,DAKSHIN KANDA,1.9,0.7,6.4,39.8,180.9,977.2,1227.2,833.6,313.6,236.9,82.0,15.6,3915.8,2.6,227.1,3351.6,334.5,UDUPI,1.4,0.4,4.1,29.4,193.8,1081.0,1371.6,902.2,404.9,223.8,74.6,18.8,4306.0,1.8,227.3,3759.7,317.2,4306.0
KARNATAKA,DAKSHIN KANDA,1.9,0.7,6.4,39.8,180.9,977.2,1227.2,833.6,313.6,236.9,82.0,15.6,3915.8,2.6,227.1,3351.6,334.5,BELGAM,0.7,0.9,6.2,30.2,74.8,130.4,204.0,126.7,113.0,116.6,30.6,5.1,839.2,1.6,111.2,574.1,152.3,839.2
KARNATAKA,DAKSHIN KANDA,1.9,0.7,6.4,39.8,180.9,977.2,1227.2,833.6,313.6,236.9,82.0,15.6,3915.8,2.6,227.1,3351.6,334.5,BIDAR,5.9,6.1,10.1,21.7,31.4,137.1,190.7,196.6,170.5,93.5,20.9,6.2,890.7,12.0,63.2,694.9,120.6,890.7
KARNATAKA,DAKSHIN KANDA,1.9,0.7,6.4,39.8,180.9,977.2,1227.2,833.6,313.6,236.9,82.0,15.6,3915.8,2.6,227.1,3351.6,334.5,BIJAPUR,2.4,2.7,5.2,20.1,46.5,94.5,91.8,91.3,158.4,111.7,24.9,6.9,656.4,5.1,71.8,436.0,143.5,656.4
KARNATAKA,DAKSHIN KANDA,1.9,0.7,6.4,39.8,180.9,977.2,1227.2,833.6,313.6,236.9,82.0,15.6,3915.8,2.6,227.1,3351.6,334.5,DHARWAD,2.3,3.2,6.9,46.6,82.5,113.8,149.1,101.6,119.5,120.4,39.6,6.2,791.7,5.5,136.0,484.0,166.2,791.7
KARNATAKA,DAKSHIN KANDA,1.9,0.7,6.4,39.8,180.9,977.2,1227.2,833.6,313.6,236.9,82.0,15.6,3915.8,2.6,227.1,3351.6,334.5,GULBARGA,4.3,2.9,6.2,19.7,36.4,112.8,156.1,167.6,184.0,105.3,20.8,4.5,820.6,7.2,62.3,620.5,130.6,820.6
KARNATAKA,DAKSHIN KANDA,1.9,0.7,6.4,39.8,180.9,977.2,1227.2,833.6,313.6,236.9,82.0,15.6,3915.8,2.6,227.1,3351.6,334.5,YADGIR,4.4,3.6,5.2,20.5,36.8,116.8,153.0,161.2,179.8,123.4,24.5,5.3,834.5,8.0,62.5,610.8,153.2,834.5
KARNATAKA,DAKSHIN KANDA,1.9,0.7,6.4,39.8,180.9,977.2,1227.2,833.6,313.6,236.9,82.0,15.6,3915.8,2.6,227.1,3351.6,334.5,RAICHUR,1.4,2.0,4.1,17.7,40.5,81.7,110.2,122.2,147.5,110.5,21.4,5.9,665.1,3.4,62.3,461.6,137.8,665.1
KARNATAKA,DAKSHIN KANDA,1.9,0.7,6.4,39.8,180.9,977.2,1227.2,833.6,313.6,236.9,82.0,15.6,3915.8,2.6,227.1,3351.6,334.5,BAGALKOTE,1.8,1.5,4.5,23.5,57.3,80.1,73.6,72.5,137.1,112.8,25.3,7.0,597.0,3.3,85.3,363.3,145.1,597.0
KARNATAKA,DAKSHIN KANDA,1.9,0.7,6.4,39.8,180.9,977.2,1227.2,833.6,313.6,236.9,82.0,15.6,3915.8,2.6,227.1,3351.6,334.5,GADAG,1.2,1.0,3.9,33.5,71.7,85.1,70.4,75.3,137.5,121.1,33.0,7.5,641.2,2.2,109.1,368.3,161.6,641.2
KARNATAKA,DAKSHIN KANDA,1.9,0.7,6.4,39.8,180.9,977.2,1227.2,833.6,313.6,236.9,82.0,15.6,3915.8,2.6,227.1,3351.6,334.5,HAVERI,0.3,0.5,4.0,43.6,78.5,114.7,169.8,111.1,99.5,119.0,43.9,7.0,791.9,0.8,126.1,495.1,169.9,791.9
KARNATAKA,DAKSHIN KANDA,1.9,0.7,6.4,39.8,180.9,977.2,1227.2,833.6,313.6,236.9,82.0,15.6,3915.8,2.6,227.1,3351.6,334.5,KOPPAL,1.2,0.4,2.5,19.2,50.5,72.2,75.6,89.1,145.7,108.1,25.8,8.0,598.3,1.6,72.2,382.6,141.9,598.3
KARNATAKA,DAKSHIN KANDA,1.9,0.7,6.4,39.8,180.9,977.2,1227.2,833.6,313.6,236.9,82.0,15.6,3915.8,2.6,227.1,3351.6,334.5,BANGALORE RUR,1.7,5.8,7.6,36.2,93.1,71.2,91.7,118.1,170.9,171.8,55.4,13.5,837.0,7.5,136.9,451.9,240.7,837.0
KARNATAKA,DAKSHIN KANDA,1.9,0.7,6.4,39.8,180.9,977.2,1227.2,833.6,313.6,236.9,82.0,15.6,3915.8,2.6,227.1,3351.6,334.5,BELLARY,1.4,1.4,2.9,26.2,57.9,72.4,77.0,89.3,137.3,116.3,31.1,9.6,622.8,2.8,87.0,376.0,157.0,622.8
KARNATAKA,DAKSHIN KANDA,1.9,0.7,6.4,39.8,180.9,977.2,1227.2,833.6,313.6,236.9,82.0,15.6,3915.8,2.6,227.1,3351.6,334.5,CHIKMAGALUR,1.6,2.0,12.0,60.2,105.9,395.0,662.1,425.0,175.2,167.4,58.8,12.3,2077.5,3.6,178.1,1657.3,238.5,2077.5
KARNATAKA,DAKSHIN KANDA,1.9,0.7,6.4,39.8,180.9,977.2,1227.2,833.6,313.6,236.9,82.0,15.6,3915.8,2.6,227.1,3351.6,334.5,CHITRADURGA,1.4,1.2,4.4,25.8,64.9,50.5,56.1,58.9,105.5,116.4,33.8,8.8,527.7,2.6,95.1,271.0,159.0,527.7
KARNATAKA,DAKSHIN KANDA,1.9,0.7,6.4,39.8,180.9,977.2,1227.2,833.6,313.6,236.9,82.0,15.6,3915.8,2.6,227.1,3351.6,334.5,KODAGU,3.5,4.2,18.5,89.8,152.7,542.2,884.4,543.9,211.4,201.7,71.6,17.5,2741.4,7.7,261.0,2181.9,290.8,2741.4
KARNATAKA,DAKSHIN KANDA,1.9,0.7,6.4,39.8,180.9,977.2,1227.2,833.6,313.6,236.9,82.0,15.6,3915.8,2.6,227.1,3351.6,334.5,HASSAN,1.3,2.5,10.7,55.1,102.2,125.0,203.8,130.0,115.5,156.0,54.1,10.9,967.1,3.8,168.0,574.3,221.0,967.1
KARNATAKA,DAKSHIN KANDA,1.9,0.7,6.4,39.8,180.9,977.2,1227.2,833.6,313.6,236.9,82.0,15.6,3915.8,2.6,227.1,3351.6,334.5,KOLAR,2.7,4.5,10.4,27.8,74.4,63.3,76.4,91.2,151.8,148.2,58.8,21.6,731.1,7.2,112.6,382.7,228.6,731.1
KARNATAKA,DAKSHIN KANDA,1.9,0.7,6.4,39.8,180.9,977.2,1227.2,833.6,313.6,236.9,82.0,15.6,3915.8,2.6,227.1,3351.6,334.5,MANDYA,1.9,3.6,7.6,45.3,105.1,48.7,49.3,58.9,128.2,153.1,47.0,14.0,662.7,5.5,158.0,285.1,214.1,662.7
KARNATAKA,DAKSHIN KANDA,1.9,0.7,6.4,39.8,180.9,977.2,1227.2,833.6,313.6,236.9,82.0,15.6,3915.8,2.6,227.1,3351.6,334.5,MYSORE,2.5,3.5,11.4,58.7,124.6,79.7,92.4,64.8,106.7,152.4,48.8,13.1,758.6,6.0,194.7,343.6,214.3,758.6
KARNATAKA,DAKSHIN KANDA,1.9,0.7,6.4,39.8,180.9,977.2,1227.2,833.6,313.6,236.9,82.0,15.6,3915.8,2.6,227.1,3351.6,334.5,SHIMOGA,0.5,0.4,6.3,38.0,78.3,346.8,624.3,403.8,139.1,137.5,44.6,8.3,1827.9,0.9,122.6,1514.0,190.4,1827.9
KARNATAKA,DAKSHIN KANDA,1.9,0.7,6.4,39.8,180.9,977.2,1227.2,833.6,313.6,236.9,82.0,15.6,3915.8,2.6,227.1,3351.6,334.5,TUMKUR,2.4,3.0,7.1,34.0,87.1,61.5,69.7,79.5,148.5,148.9,46.7,10.1,698.5,5.4,128.2,359.2,205.7,698.5
KARNATAKA,DAKSHIN KANDA,1.9,0.7,6.4,39.8,180.9,977.2,1227.2,833.6,313.6,236.9,82.0,15.6,3915.8,2.6,227.1,3351.6,334.5,BANGALORE URB,2.3,6.7,8.2,39.2,106.3,73.9,91.6,128.9,181.3,159.7,53.9,18.0,870.0,9.0,153.7,475.7,231.6,870.0
KARNATAKA,DAKSHIN KANDA,1.9,0.7,6.4,39.8,180.9,977.2,1227.2,833.6,313.6,236.9,82.0,15.6,3915.8,2.6,227.1,3351.6,334.5,CHAMARAJANAGA,3.4,6.0,13.2,69.2,131.2,61.8,68.7,66.0,124.1,157.8,62.7,24.3,788.4,9.4,213.6,320.6,244.8,788.4
KARNATAKA,DAKSHIN KANDA,1.9,0.7,6.4,39.8,180.9,977.2,1227.2,833.6,313.6,236.9,82.0,15.6,3915.8,2.6,227.1,3351.6,334.5,DAVANGERE,1.1,0.8,4.2,35.0,74.0,78.7,102.9,87.0,116.3,124.4,44.9,7.4,676.7,1.9,113.2,384.9,176.7,676.7
KARNATAKA,DAKSHIN KANDA,1.9,0.7,6.4,39.8,180.9,977.2,1227.2,833.6,313.6,236.9,82.0,15.6,3915.8,2.6,227.1,3351.6,334.5,RAMNAGAR(BNGR),1.5,4.7,10.2,47.9,122.3,73.1,84.5,108.8,187.6,174.1,54.0,15.0,883.7,6.2,180.4,454.0,243.1,883.7
KARNATAKA,DAKSHIN KANDA,1.9,0.7,6.4,39.8,180.9,977.2,1227.2,833.6,313.6,236.9,82.0,15.6,3915.8,2.6,227.1,3351.6,334.5,CHICKBALLAPUR,2.1,4.6,8.2,27.2,69.4,64.3,89.2,104.9,153.4,156.8,52.9,15.5,748.5,6.7,104.8,411.8,225.2,748.5
KARNATAKA,UDUPI,1.4,0.4,4.1,29.4,193.8,1081.0,1371.6,902.2,404.9,223.8,74.6,18.8,4306.0,1.8,227.3,3759.7,317.2,UTTAR KANNADA,0.3,0.1,2.7,22.1,114.0,740.9,1053.8,667.7,258.5,155.1,44.1,11.2,3070.5,0.4,138.8,2720.9,210.4,3070.5
KARNATAKA,UDUPI,1.4,0.4,4.1,29.4,193.8,1081.0,1371.6,902.2,404.9,223.8,74.6,18.8,4306.0,1.8,227.3,3759.7,317.2,DAKSHIN KANDA,1.9,0.7,6.4,39.8,180.9,977.2,1227.2,833.6,313.6,236.9,82.0,15.6,3915.8,2.6,227.1,3351.6,334.5,3915.8
KARNATAKA,UDUPI,1.4,0.4,4.1,29.4,193.8,1081.0,1371.6,902.2,404.9,223.8,74.6,18.8,4306.0,1.8,227.3,3759.7,317.2,UDUPI,1.4,0.4,4.1,29.4,193.8,1081.0,1371.6,902.2,404.9,223.8,74.6,18.8,4306.0,1.8,227.3,3759.7,317.2,4306.0
KARNATAKA,UDUPI,1.4,0.4,4.1,29.4,193.8,1081.0,1371.6,902.2,404.9,223.8,74.6,18.8,4306.0,1.8,227.3,3759.7,317.2,BELGAM,0.7,0.9,6.2,30.2,74.8,130.4,204.0,126.7,113.0,116.6,30.6,5.1,839.2,1.6,111.2,574.1,152.3,839.2
KARNATAKA,UDUPI,1.4,0.4,4.1,29.4,193.8,1081.0,1371.6,902.2,404.9,223.8,74.6,18.8,4306.0,1.8,227.3,3759.7,317.2,BIDAR,5.9,6.1,10.1,21.7,31.4,137.1,190.7,196.6,170.5,93.5,20.9,6.2,890.7,12.0,63.2,694.9,120.6,890.7
KARNATAKA,UDUPI,1.4,0.4,4.1,29.4,193.8,1081.0,1371.6,902.2,404.9,223.8,74.6,18.8,4306.0,1.8,227.3,3759.7,317.2,BIJAPUR,2.4,2.7,5.2,20.1,46.5,94.5,91.8,91.3,158.4,111.7,24.9,6.9,656.4,5.1,71.8,436.0,143.5,656.4
KARNATAKA,UDUPI,1.4,0.4,4.1,29.4,193.8,1081.0,1371.6,902.2,404.9,223.8,74.6,18.8,4306.0,1.8,227.3,3759.7,317.2,DHARWAD,2.3,3.2,6.9,46.6,82.5,113.8,149.1,101.6,119.5,120.4,39.6,6.2,791.7,5.5,136.0,484.0,166.2,791.7
KARNATAKA,UDUPI,1.4,0.4,4.1,29.4,193.8,1081.0,1371.6,902.2,404.9,223.8,74.6,18.8,4306.0,1.8,227.3,3759.7,317.2,GULBARGA,4.3,2.9,6.2,19.7,36.4,112.8,156.1,167.6,184.0,105.3,20.8,4.5,820.6,7.2,62.3,620.5,130.6,820.6
KARNATAKA,UDUPI,1.4,0.4,4.1,29.4,193.8,1081.0,1371.6,902.2,404.9,223.8,74.6,18.8,4306.0,1.8,227.3,3759.7,317.2,YADGIR,4.4,3.6,5.2,20.5,36.8,116.8,153.0,161.2,179.8,123.4,24.5,5.3,834.5,8.0,62.5,610.8,153.2,834.5
KARNATAKA,UDUPI,1.4,0.4,4.1,29.4,193.8,1081.0,1371.6,902.2,404.9,223.8,74.6,18.8,4306.0,1.8,227.3,3759.7,317.2,RAICHUR,1.4,2.0,4.1,17.7,40.5,81.7,110.2,122.2,147.5,110.5,21.4,5.9,665.1,3.4,62.3,461.6,137.8,665.1
KARNATAKA,UDUPI,1.4,0.4,4.1,29.4,193.8,1081.0,1371.6,902.2,404.9,223.8,74.6,18.8,4306.0,1.8,227.3,3759.7,317.2,BAGALKOTE,1.8,1.5,4.5,23.5,57.3,80.1,73.6,72.5,137.1,112.8,25.3,7.0,597.0,3.3,85.3,363.3,145.1,597.0
KARNATAKA,UDUPI,1.4,0.4,4.1,29.4,193.8,1081.0,1371.6,902.2,404.9,223.8,74.6,18.8,4306.0,1.8,227.3,3759.7,317.2,GADAG,1.2,1.0,3.9,33.5,71.7,85.1,70.4,75.3,137.5,121.1,33.0,7.5,641.2,2.2,109.1,368.3,161.6,641.2
KARNATAKA,UDUPI,1.4,0.4,4.1,29.4,193.8,1081.0,1371.6,902.2,404.9,223.8,74.6,18.8,4306.0,1.8,227.3,3759.7,317.2,HAVERI,0.3,0.5,4.0,43.6,78.5,114.7,169.8,111.1,99.5,119.0,43.9,7.0,791.9,0.8,126.1,495.1,169.9,791.9
KARNATAKA,UDUPI,1.4,0.4,4.1,29.4,193.8,1081.0,1371.6,902.2,404.9,223.8,74.6,18.8,4306.0,1.8,227.3,3759.7,317.2,KOPPAL,1.2,0.4,2.5,19.2,50.5,72.2,75.6,89.1,145.7,108.1,25.8,8.0,598.3,1.6,72.2,382.6,141.9,598.3
KARNATAKA,UDUPI,1.4,0.4,4.1,29.4,193.8,1081.0,1371.6,902.2,404.9,223.8,74.6,18.8,4306.0,1.8,227.3,3759.7,317.2,BANGALORE RUR,1.7,5.8,7.6,36.2,93.1,71.2,91.7,118.1,170.9,171.8,55.4,13.5,837.0,7.5,136.9,451.9,240.7,837.0
KARNATAKA,UDUPI,1.4,0.4,4.1,29.4,193.8,1081.0,1371.6,902.2,404.9,223.8,74.6,18.8,4306.0,1.8,227.3,3759.7,317.2,BELLARY,1.4,1.4,2.9,26.2,57.9,72.4,77.0,89.3,137.3,116.3,31.1,9.6,622.8,2.8,87.0,376.0,157.0,622.8
KARNATAKA,UDUPI,1.4,0.4,4.1,29.4,193.8,1081.0,1371.6,902.2,404.9,223.8,74.6,18.8,4306.0,1.8,227.3,3759.7,317.2,CHIKMAGALUR,1.6,2.0,12.0,60.2,105.9,395.0,662.1,425.0,175.2,167.4,58.8,12.3,2077.5,3.6,178.1,1657.3,238.5,2077.5
KARNATAKA,UDUPI,1.4,0.4,4.1,29.4,193.8,1081.0,1371.6,902.2,404.9,223.8,74.6,18.8,4306.0,1.8,227.3,3759.7,317.2,CHITRADURGA,1.4,1.2,4.4,25.8,64.9,50.5,56.1,58.9,105.5,116.4,33.8,8.8,527.7,2.6,95.1,271.0,159.0,527.7
KARNATAKA,UDUPI,1.4,0.4,4.1,29.4,193.8,1081.0,1371.6,902.2,404.9,223.8,74.6,18.8,4306.0,1.8,227.3,3759.7,317.2,KODAGU,3.5,4.2,18.5,89.8,152.7,542.2,884.4,543.9,211.4,201.7,71.6,17.5,2741.4,7.7,261.0,2181.9,290.8,2741.4
KARNATAKA,UDUPI,1.4,0.4,4.1,29.4,193.8,1081.0,1371.6,902.2,404.9,223.8,74.6,18.8,4306.0,1.8,227.3,3759.7,317.2,HASSAN,1.3,2.5,10.7,55.1,102.2,125.0,203.8,130.0,115.5,156.0,54.1,10.9,967.1,3.8,168.0,574.3,221.0,967.1
KARNATAKA,UDUPI,1.4,0.4,4.1,29.4,193.8,1081.0,1371.6,902.2,404.9,223.8,74.6,18.8,4306.0,1.8,227.3,3759.7,317.2,KOLAR,2.7,4.5,10.4,27.8,74.4,63.3,76.4,91.2,151.8,148.2,58.8,21.6,731.1,7.2,112.6,382.7,228.6,731.1
KARNATAKA,UDUPI,1.4,0.4,4.1,29.4,193.8,1081.0,1371.6,902.2,404.9,223.8,74.6,18.8,4306.0,1.8,227.3,3759.7,317.2,MANDYA,1.9,3.6,7.6,45.3,105.1,48.7,49.3,58.9,128.2,153.1,47.0,14.0,662.7,5.5,158.0,285.1,214.1,662.7
KARNATAKA,UDUPI,1.4,0.4,4.1,29.4,193.8,1081.0,1371.6,902.2,404.9,223.8,74.6,18.8,4306.0,1.8,227.3,3759.7,317.2,MYSORE,2.5,3.5,11.4,58.7,124.6,79.7,92.4,64.8,106.7,152.4,48.8,13.1,758.6,6.0,194.7,343.6,214.3,758.6
KARNATAKA,UDUPI,1.4,0.4,4.1,29.4,193.8,1081.0,1371.6,902.2,404.9,223.8,74.6,18.8,4306.0,1.8,227.3,3759.7,317.2,SHIMOGA,0.5,0.4,6.3,38.0,78.3,346.8,624.3,403.8,139.1,137.5,44.6,8.3,1827.9,0.9,122.6,1514.0,190.4,1827.9
KARNATAKA,UDUPI,1.4,0.4,4.1,29.4,193.8,1081.0,1371.6,902.2,404.9,223.8,74.6,18.8,4306.0,1.8,227.3,3759.7,317.2,TUMKUR,2.4,3.0,7.1,34.0,87.1,61.5,69.7,79.5,148.5,148.9,46.7,10.1,698.5,5.4,128.2,359.2,205.7,698.5
KARNATAKA,UDUPI,1.4,0.4,4.1,29.4,193.8,1081.0,1371.6,902.2,404.9,223.8,74.6,18.8,4306.0,1.8,227.3,3759.7,317.2,BANGALORE URB,2.3,6.7,8.2,39.2,106.3,73.9,91.6,128.9,181.3,159.7,53.9,18.0,870.0,9.0,153.7,475.7,231.6,870.0
KARNATAKA,UDUPI,1.4,0.4,4.1,29.4,193.8,1081.0,1371.6,902.2,404.9,223.8,74.6,18.8,4306.0,1.8,227.3,3759.7,317.2,CHAMARAJANAGA,3.4,6.0,13.2,69.2,131.2,61.8,68.7,66.0,124.1,157.8,62.7,24.3,788.4,9.4,213.6,320.6,244.8,788.4
KARNATAKA,UDUPI,1.4,0.4,4.1,29.4,193.8,1081.0,1371.6,902.2,404.9,223.8,74.6,18.8,4306.0,1.8,227.3,3759.7,317.2,DAVANGERE,1.1,0.8,4.2,35.0,74.0,78.7,102.9,87.0,116.3,124.4,44.9,7.4,676.7,1.9,113.2,384.9,176.7,676.7
KARNATAKA,UDUPI,1.4,0.4,4.1,29.4,193.8,1081.0,1371.6,902.2,404.9,223.8,74.6,18.8,4306.0,1.8,227.3,3759.7,317.2,RAMNAGAR(BNGR),1.5,4.7,10.2,47.9,122.3,73.1,84.5,108.8,187.6,174.1,54.0,15.0,883.7,6.2,180.4,454.0,243.1,883.7
KARNATAKA,UDUPI,1.4,0.4,4.1,29.4,193.8,1081.0,1371.6,902.2,404.9,223.8,74.6,18.8,4306.0,1.8,227.3,3759.7,317.2,CHICKBALLAPUR,2.1,4.6,8.2,27.2,69.4,64.3,89.2,104.9,153.4,156.8,52.9,15.5,748.5,6.7,104.8,411.8,225.2,748.5
KARNATAKA,BELGAM,0.7,0.9,6.2,30.2,74.8,130.4,204.0,126.7,113.0,116.6,30.6,5.1,839.2,1.6,111.2,574.1,152.3,UTTAR KANNADA,0.3,0.1,2.7,22.1,114.0,740.9,1053.8,667.7,258.5,155.1,44.1,11.2,3070.5,0.4,138.8,2720.9,210.4,3070.5
KARNATAKA,BELGAM,0.7,0.9,6.2,30.2,74.8,130.4,204.0,126.7,113.0,116.6,30.6,5.1,839.2,1.6,111.2,574.1,152.3,DAKSHIN KANDA,1.9,0.7,6.4,39.8,180.9,977.2,1227.2,833.6,313.6,236.9,82.0,15.6,3915.8,2.6,227.1,3351.6,334.5,3915.8
KARNATAKA,BELGAM,0.7,0.9,6.2,30.2,74.8,130.4,204.0,126.7,113.0,116.6,30.6,5.1,839.2,1.6,111.2,574.1,152.3,UDUPI,1.4,0.4,4.1,29.4,193.8,1081.0,1371.6,902.2,404.9,223.8,74.6,18.8,4306.0,1.8,227.3,3759.7,317.2,4306.0
KARNATAKA,BELGAM,0.7,0.9,6.2,30.2,74.8,130.4,204.0,126.7,113.0,116.6,30.6,5.1,839.2,1.6,111.2,574.1,152.3,BELGAM,0.7,0.9,6.2,30.2,74.8,130.4,204.0,126.7,113.0,116.6,30.6,5.1,839.2,1.6,111.2,574.1,152.3,839.2
KARNATAKA,BELGAM,0.7,0.9,6.2,30.2,74.8,130.4,204.0,126.7,113.0,116.6,30.6,5.1,839.2,1.6,111.2,574.1,152.3,BIDAR,5.9,6.1,10.1,21.7,31.4,137.1,190.7,196.6,170.5,93.5,20.9,6.2,890.7,12.0,63.2,694.9,120.6,890.7
KARNATAKA,BELGAM,0.7,0.9,6.2,30.2,74.8,130.4,204.0,126.7,113.0,116.6,30.6,5.1,839.2,1.6,111.2,574.1,152.3,BIJAPUR,2.4,2.7,5.2,20.1,46.5,94.5,91.8,91.3,158.4,111.7,24.9,6.9,656.4,5.1,71.8,436.0,143.5,656.4
KARNATAKA,BELGAM,0.7,0.9,6.2,30.2,74.8,130.4,204.0,126.7,113.0,116.6,30.6,5.1,839.2,1.6,111.2,574.1,152.3,DHARWAD,2.3,3.2,6.9,46.6,82.5,113.8,149.1,101.6,119.5,120.4,39.6,6.2,791.7,5.5,136.0,484.0,166.2,791.7
KARNATAKA,BELGAM,0.7,0.9,6.2,30.2,74.8,130.4,204.0,126.7,113.0,116.6,30.6,5.1,839.2,1.6,111.2,574.1,152.3,GULBARGA,4.3,2.9,6.2,19.7,36.4,112.8,156.1,167.6,184.0,105.3,20.8,4.5,820.6,7.2,62.3,620.5,130.6,820.6
KARNATAKA,BELGAM,0.7,0.9,6.2,30.2,74.8,130.4,204.0,126.7,113.0,116.6,30.6,5.1,839.2,1.6,111.2,574.1,152.3,YADGIR,4.4,3.6,5.2,20.5,36.8,116.8,153.0,161.2,179.8,123.4,24.5,5.3,834.5,8.0,62.5,610.8,153.2,834.5
KARNATAKA,BELGAM,0.7,0.9,6.2,30.2,74.8,130.4,204.0,126.7,113.0,116.6,30.6,5.1,839.2,1.6,111.2,574.1,152.3,RAICHUR,1.4,2.0,4.1,17.7,40.5,81.7,110.2,122.2,147.5,110.5,21.4,5.9,665.1,3.4,62.3,461.6,137.8,665.1
KARNATAKA,BELGAM,0.7,0.9,6.2,30.2,74.8,130.4,204.0,126.7,113.0,116.6,30.6,5.1,839.2,1.6,111.2,574.1,152.3,BAGALKOTE,1.8,1.5,4.5,23.5,57.3,80.1,73.6,72.5,137.1,112.8,25.3,7.0,597.0,3.3,85.3,363.3,145.1,597.0
KARNATAKA,BELGAM,0.7,0.9,6.2,30.2,74.8,130.4,204.0,126.7,113.0,116.6,30.6,5.1,839.2,1.6,111.2,574.1,152.3,GADAG,1.2,1.0,3.9,33.5,71.7,85.1,70.4,75.3,137.5,121.1,33.0,7.5,641.2,2.2,109.1,368.3,161.6,641.2
KARNATAKA,BELGAM,0.7,0.9,6.2,30.2,74.8,130.4,204.0,126.7,113.0,116.6,30.6,5.1,839.2,1.6,111.2,574.1,152.3,HAVERI,0.3,0.5,4.0,43.6,78.5,114.7,169.8,111.1,99.5,119.0,43.9,7.0,791.9,0.8,126.1,495.1,169.9,791.9
KARNATAKA,BELGAM,0.7,0.9,6.2,30.2,74.8,130.4,204.0,126.7,113.0,116.6,30.6,5.1,839.2,1.6,111.2,574.1,152.3,KOPPAL,1.2,0.4,2.5,19.2,50.5,72.2,75.6,89.1,145.7,108.1,25.8,8.0,598.3,1.6,72.2,382.6,141.9,598.3
KARNATAKA,BELGAM,0.7,0.9,6.2,30.2,74.8,130.4,204.0,126.7,113.0,116.6,30.6,5.1,839.2,1.6,111.2,574.1,152.3,BANGALORE RUR,1.7,5.8,7.6,36.2,93.1,71.2,91.7,118.1,170.9,171.8,55.4,13.5,837.0,7.5,136.9,451.9,240.7,837.0
KARNATAKA,BELGAM,0.7,0.9,6.2,30.2,74.8,130.4,204.0,126.7,113.0,116.6,30.6,5.1,839.2,1.6,111.2,574.1,152.3,BELLARY,1.4,1.4,2.9,26.2,57.9,72.4,77.0,89.3,137.3,116.3,31.1,9.6,622.8,2.8,87.0,376.0,157.0,622.8
KARNATAKA,BELGAM,0.7,0.9,6.2,30.2,74.8,130.4,204.0,126.7,113.0,116.6,30.6,5.1,839.2,1.6,111.2,574.1,152.3,CHIKMAGALUR,1.6,2.0,12.0,60.2,105.9,395.0,662.1,425.0,175.2,167.4,58.8,12.3,2077.5,3.6,178.1,1657.3,238.5,2077.5
KARNATAKA,BELGAM,0.7,0.9,6.2,30.2,74.8,130.4,204.0,126.7,113.0,116.6,30.6,5.1,839.2,1.6,111.2,574.1,152.3,CHITRADURGA,1.4,1.2,4.4,25.8,64.9,50.5,56.1,58.9,105.5,116.4,33.8,8.8,527.7,2.6,95.1,271.0,159.0,527.7
KARNATAKA,BELGAM,0.7,0.9,6.2,30.2,74.8,130.4,204.0,126.7,113.0,116.6,30.6,5.1,839.2,1.6,111.2,574.1,152.3,KODAGU,3.5,4.2,18.5,89.8,152.7,542.2,884.4,543.9,211.4,201.7,71.6,17.5,2741.4,7.7,261.0,2181.9,290.8,2741.4
KARNATAKA,BELGAM,0.7,0.9,6.2,30.2,74.8,130.4,204.0,126.7,113.0,116.6,30.6,5.1,839.2,1.6,111.2,574.1,152.3,HASSAN,1.3,2.5,10.7,55.1,102.2,125.0,203.8,130.0,115.5,156.0,54.1,10.9,967.1,3.8,168.0,574.3,221.0,967.1
KARNATAKA,BELGAM,0.7,0.9,6.2,30.2,74.8,130.4,204.0,126.7,113.0,116.6,30.6,5.1,839.2,1.6,111.2,574.1,152.3,KOLAR,2.7,4.5,10.4,27.8,74.4,63.3,76.4,91.2,151.8,148.2,58.8,21.6,731.1,7.2,112.6,382.7,228.6,731.1
KARNATAKA,BELGAM,0.7,0.9,6.2,30.2,74.8,130.4,204.0,126.7,113.0,116.6,30.6,5.1,839.2,1.6,111.2,574.1,152.3,MANDYA,1.9,3.6,7.6,45.3,105.1,48.7,49.3,58.9,128.2,153.1,47.0,14.0,662.7,5.5,158.0,285.1,214.1,662.7
KARNATAKA,BELGAM,0.7,0.9,6.2,30.2,74.8,130.4,204.0,126.7,113.0,116.6,30.6,5.1,839.2,1.6,111.2,574.1,152.3,MYSORE,2.5,3.5,11.4,58.7,124.6,79.7,92.4,64.8,106.7,152.4,48.8,13.1,758.6,6.0,194.7,343.6,214.3,758.6
KARNATAKA,BELGAM,0.7,0.9,6.2,30.2,74.8,130.4,204.0,126.7,113.0,116.6,30.6,5.1,839.2,1.6,111.2,574.1,152.3,SHIMOGA,0.5,0.4,6.3,38.0,78.3,346.8,624.3,403.8,139.1,137.5,44.6,8.3,1827.9,0.9,122.6,1514.0,190.4,1827.9
KARNATAKA,BELGAM,0.7,0.9,6.2,30.2,74.8,130.4,204.0,126.7,113.0,116.6,30.6,5.1,839.2,1.6,111.2,574.1,152.3,TUMKUR,2.4,3.0,7.1,34.0,87.1,61.5,69.7,79.5,148.5,148.9,46.7,10.1,698.5,5.4,128.2,359.2,205.7,698.5
KARNATAKA,BELGAM,0.7,0.9,6.2,30.2,74.8,130.4,204.0,126.7,113.0,116.6,30.6,5.1,839.2,1.6,111.2,574.1,152.3,BANGALORE URB,2.3,6.7,8.2,39.2,106.3,73.9,91.6,128.9,181.3,159.7,53.9,18.0,870.0,9.0,153.7,475.7,231.6,870.0
KARNATAKA,BELGAM,0.7,0.9,6.2,30.2,74.8,130.4,204.0,126.7,113.0,116.6,30.6,5.1,839.2,1.6,111.2,574.1,152.3,CHAMARAJANAGA,3.4,6.0,13.2,69.2,131.2,61.8,68.7,66.0,124.1,157.8,62.7,24.3,788.4,9.4,213.6,320.6,244.8,788.4
KARNATAKA,BELGAM,0.7,0.9,6.2,30.2,74.8,130.4,204.0,126.7,113.0,116.6,30.6,5.1,839.2,1.6,111.2,574.1,152.3,DAVANGERE,1.1,0.8,4.2,35.0,74.0,78.7,102.9,87.0,116.3,124.4,44.9,7.4,676.7,1.9,113.2,384.9,176.7,676.7
KARNATAKA,BELGAM,0.7,0.9,6.2,30.2,74.8,130.4,204.0,126.7,113.0,116.6,30.6,5.1,839.2,1.6,111.2,574.1,152.3,RAMNAGAR(BNGR),1.5,4.7,10.2,47.9,122.3,73.1,84.5,108.8,187.6,174.1,54.0,15.0,883.7,6.2,180.4,454.0,243.1,883.7
KARNATAKA,BELGAM,0.7,0.9,6.2,30.2,74.8,130.4,204.0,126.7,113.0,116.6,30.6,5.1,839.2,1.6,111.2,574.1,152.3,CHICKBALLAPUR,2.1,4.6,8.2,27.2,69.4,64.3,89.2,104.9,153.4,156.8,52.9,15.5,748.5,6.7,104.8,411.8,225.2,748.5
KARNATAKA,BIDAR,5.9,6.1,10.1,21.7,31.4,137.1,190.7,196.6,170.5,93.5,20.9,6.2,890.7,12.0,63.2,694.9,120.6,UTTAR KANNADA,0.3,0.1,2.7,22.1,114.0,740.9,1053.8,667.7,258.5,155.1,44.1,11.2,3070.5,0.4,138.8,2720.9,210.4,3070.5
KARNATAKA,BIDAR,5.9,6.1,10.1,21.7,31.4,137.1,190.7,196.6,170.5,93.5,20.9,6.2,890.7,12.0,63.2,694.9,120.6,DAKSHIN KANDA,1.9,0.7,6.4,39.8,180.9,977.2,1227.2,833.6,313.6,236.9,82.0,15.6,3915.8,2.6,227.1,3351.6,334.5,3915.8
KARNATAKA,BIDAR,5.9,6.1,10.1,21.7,31.4,137.1,190.7,196.6,170.5,93.5,20.9,6.2,890.7,12.0,63.2,694.9,120.6,UDUPI,1.4,0.4,4.1,29.4,193.8,1081.0,1371.6,902.2,404.9,223.8,74.6,18.8,4306.0,1.8,227.3,3759.7,317.2,4306.0
KARNATAKA,BIDAR,5.9,6.1,10.1,21.7,31.4,137.1,190.7,196.6,170.5,93.5,20.9,6.2,890.7,12.0,63.2,694.9,120.6,BELGAM,0.7,0.9,6.2,30.2,74.8,130.4,204.0,126.7,113.0,116.6,30.6,5.1,839.2,1.6,111.2,574.1,152.3,839.2
KARNATAKA,BIDAR,5.9,6.1,10.1,21.7,31.4,137.1,190.7,196.6,170.5,93.5,20.9,6.2,890.7,12.0,63.2,694.9,120.6,BIDAR,5.9,6.1,10.1,21.7,31.4,137.1,190.7,196.6,170.5,93.5,20.9,6.2,890.7,12.0,63.2,694.9,120.6,890.7
KARNATAKA,BIDAR,5.9,6.1,10.1,21.7,31.4,137.1,190.7,196.6,170.5,93.5,20.9,6.2,890.7,12.0,63.2,694.9,120.6,BIJAPUR,2.4,2.7,5.2,20.1,46.5,94.5,91.8,91.3,158.4,111.7,24.9,6.9,656.4,5.1,71.8,436.0,143.5,656.4
KARNATAKA,BIDAR,5.9,6.1,10.1,21.7,31.4,137.1,190.7,196.6,170.5,93.5,20.9,6.2,890.7,12.0,63.2,694.9,120.6,DHARWAD,2.3,3.2,6.9,46.6,82.5,113.8,149.1,101.6,119.5,120.4,39.6,6.2,791.7,5.5,136.0,484.0,166.2,791.7
KARNATAKA,BIDAR,5.9,6.1,10.1,21.7,31.4,137.1,190.7,196.6,170.5,93.5,20.9,6.2,890.7,12.0,63.2,694.9,120.6,GULBARGA,4.3,2.9,6.2,19.7,36.4,112.8,156.1,167.6,184.0,105.3,20.8,4.5,820.6,7.2,62.3,620.5,130.6,820.6
KARNATAKA,BIDAR,5.9,6.1,10.1,21.7,31.4,137.1,190.7,196.6,170.5,93.5,20.9,6.2,890.7,12.0,63.2,694.9,120.6,YADGIR,4.4,3.6,5.2,20.5,36.8,116.8,153.0,161.2,179.8,123.4,24.5,5.3,834.5,8.0,62.5,610.8,153.2,834.5
KARNATAKA,BIDAR,5.9,6.1,10.1,21.7,31.4,137.1,190.7,196.6,170.5,93.5,20.9,6.2,890.7,12.0,63.2,694.9,120.6,RAICHUR,1.4,2.0,4.1,17.7,40.5,81.7,110.2,122.2,147.5,110.5,21.4,5.9,665.1,3.4,62.3,461.6,137.8,665.1
KARNATAKA,BIDAR,5.9,6.1,10.1,21.7,31.4,137.1,190.7,196.6,170.5,93.5,20.9,6.2,890.7,12.0,63.2,694.9,120.6,BAGALKOTE,1.8,1.5,4.5,23.5,57.3,80.1,73.6,72.5,137.1,112.8,25.3,7.0,597.0,3.3,85.3,363.3,145.1,597.0
KARNATAKA,BIDAR,5.9,6.1,10.1,21.7,31.4,137.1,190.7,196.6,170.5,93.5,20.9,6.2,890.7,12.0,63.2,694.9,120.6,GADAG,1.2,1.0,3.9,33.5,71.7,85.1,70.4,75.3,137.5,121.1,33.0,7.5,641.2,2.2,109.1,368.3,161.6,641.2
KARNATAKA,BIDAR,5.9,6.1,10.1,21.7,31.4,137.1,190.7,196.6,170.5,93.5,20.9,6.2,890.7,12.0,63.2,694.9,120.6,HAVERI,0.3,0.5,4.0,43.6,78.5,114.7,169.8,111.1,99.5,119.0,43.9,7.0,791.9,0.8,126.1,495.1,169.9,791.9
KARNATAKA,BIDAR,5.9,6.1,10.1,21.7,31.4,137.1,190.7,196.6,170.5,93.5,20.9,6.2,890.7,12.0,63.2,694.9,120.6,KOPPAL,1.2,0.4,2.5,19.2,50.5,72.2,75.6,89.1,145.7,108.1,25.8,8.0,598.3,1.6,72.2,382.6,141.9,598.3
KARNATAKA,BIDAR,5.9,6.1,10.1,21.7,31.4,137.1,190.7,196.6,170.5,93.5,20.9,6.2,890.7,12.0,63.2,694.9,120.6,BANGALORE RUR,1.7,5.8,7.6,36.2,93.1,71.2,91.7,118.1,170.9,171.8,55.4,13.5,837.0,7.5,136.9,451.9,240.7,837.0
KARNATAKA,BIDAR,5.9,6.1,10.1,21.7,31.4,137.1,190.7,196.6,170.5,93.5,20.9,6.2,890.7,12.0,63.2,694.9,120.6,BELLARY,1.4,1.4,2.9,26.2,57.9,72.4,77.0,89.3,137.3,116.3,31.1,9.6,622.8,2.8,87.0,376.0,157.0,622.8
KARNATAKA,BIDAR,5.9,6.1,10.1,21.7,31.4,137.1,190.7,196.6,170.5,93.5,20.9,6.2,890.7,12.0,63.2,694.9,120.6,CHIKMAGALUR,1.6,2.0,12.0,60.2,105.9,395.0,662.1,425.0,175.2,167.4,58.8,12.3,2077.5,3.6,178.1,1657.3,238.5,2077.5
KARNATAKA,BIDAR,5.9,6.1,10.1,21.7,31.4,137.1,190.7,196.6,170.5,93.5,20.9,6.2,890.7,12.0,63.2,694.9,120.6,CHITRADURGA,1.4,1.2,4.4,25.8,64.9,50.5,56.1,58.9,105.5,116.4,33.8,8.8,527.7,2.6,95.1,271.0,159.0,527.7
KARNATAKA,BIDAR,5.9,6.1,10.1,21.7,31.4,137.1,190.7,196.6,170.5,93.5,20.9,6.2,890.7,12.0,63.2,694.9,120.6,KODAGU,3.5,4.2,18.5,89.8,152.7,542.2,884.4,543.9,211.4,201.7,71.6,17.5,2741.4,7.7,261.0,2181.9,290.8,2741.4
KARNATAKA,BIDAR,5.9,6.1,10.1,21.7,31.4,137.1,190.7,196.6,170.5,93.5,20.9,6.2,890.7,12.0,63.2,694.9,120.6,HASSAN,1.3,2.5,10.7,55.1,102.2,125.0,203.8,130.0,115.5,156.0,54.1,10.9,967.1,3.8,168.0,574.3,221.0,967.1
KARNATAKA,BIDAR,5.9,6.1,10.1,21.7,31.4,137.1,190.7,196.6,170.5,93.5,20.9,6.2,890.7,12.0,63.2,694.9,120.6,KOLAR,2.7,4.5,10.4,27.8,74.4,63.3,76.4,91.2,151.8,148.2,58.8,21.6,731.1,7.2,112.6,382.7,228.6,731.1
KARNATAKA,BIDAR,5.9,6.1,10.1,21.7,31.4,137.1,190.7,196.6,170.5,93.5,20.9,6.2,890.7,12.0,63.2,694.9,120.6,MANDYA,1.9,3.6,7.6,45.3,105.1,48.7,49.3,58.9,128.2,153.1,47.0,14.0,662.7,5.5,158.0,285.1,214.1,662.7
KARNATAKA,BIDAR,5.9,6.1,10.1,21.7,31.4,137.1,190.7,196.6,170.5,93.5,20.9,6.2,890.7,12.0,63.2,694.9,120.6,MYSORE,2.5,3.5,11.4,58.7,124.6,79.7,92.4,64.8,106.7,152.4,48.8,13.1,758.6,6.0,194.7,343.6,214.3,758.6
KARNATAKA,BIDAR,5.9,6.1,10.1,21.7,31.4,137.1,190.7,196.6,170.5,93.5,20.9,6.2,890.7,12.0,63.2,694.9,120.6,SHIMOGA,0.5,0.4,6.3,38.0,78.3,346.8,624.3,403.8,139.1,137.5,44.6,8.3,1827.9,0.9,122.6,1514.0,190.4,1827.9
KARNATAKA,BIDAR,5.9,6.1,10.1,21.7,31.4,137.1,190.7,196.6,170.5,93.5,20.9,6.2,890.7,12.0,63.2,694.9,120.6,TUMKUR,2.4,3.0,7.1,34.0,87.1,61.5,69.7,79.5,148.5,148.9,46.7,10.1,698.5,5.4,128.2,359.2,205.7,698.5
KARNATAKA,BIDAR,5.9,6.1,10.1,21.7,31.4,137.1,190.7,196.6,170.5,93.5,20.9,6.2,890.7,12.0,63.2,694.9,120.6,BANGALORE URB,2.3,6.7,8.2,39.2,106.3,73.9,91.6,128.9,181.3,159.7,53.9,18.0,870.0,9.0,153.7,475.7,231.6,870.0
KARNATAKA,BIDAR,5.9,6.1,10.1,21.7,31.4,137.1,190.7,196.6,170.5,93.5,20.9,6.2,890.7,12.0,63.2,694.9,120.6,CHAMARAJANAGA,3.4,6.0,13.2,69.2,131.2,61.8,68.7,66.0,124.1,157.8,62.7,24.3,788.4,9.4,213.6,320.6,244.8,788.4
KARNATAKA,BIDAR,5.9,6.1,10.1,21.7,31.4,137.1,190.7,196.6,170.5,93.5,20.9,6.2,890.7,12.0,63.2,694.9,120.6,DAVANGERE,1.1,0.8,4.2,35.0,74.0,78.7,102.9,87.0,116.3,124.4,44.9,7.4,676.7,1.9,113.2,384.9,176.7,676.7
KARNATAKA,BIDAR,5.9,6.1,10.1,21.7,31.4,137.1,190.7,196.6,170.5,93.5,20.9,6.2,890.7,12.0,63.2,694.9,120.6,RAMNAGAR(BNGR),1.5,4.7,10.2,47.9,122.3,73.1,84.5,108.8,187.6,174.1,54.0,15.0,883.7,6.2,180.4,454.0,243.1,883.7
KARNATAKA,BIDAR,5.9,6.1,10.1,21.7,31.4,137.1,190.7,196.6,170.5,93.5,20.9,6.2,890.7,12.0,63.2,694.9,120.6,CHICKBALLAPUR,2.1,4.6,8.2,27.2,69.4,64.3,89.2,104.9,153.4,156.8,52.9,15.5,748.5,6.7,104.8,411.8,225.2,748.5
KARNATAKA,BIJAPUR,2.4,2.7,5.2,20.1,46.5,94.5,91.8,91.3,158.4,111.7,24.9,6.9,656.4,5.1,71.8,436.0,143.5,UTTAR KANNADA,0.3,0.1,2.7,22.1,114.0,740.9,1053.8,667.7,258.5,155.1,44.1,11.2,3070.5,0.4,138.8,2720.9,210.4,3070.5
KARNATAKA,BIJAPUR,2.4,2.7,5.2,20.1,46.5,94.5,91.8,91.3,158.4,111.7,24.9,6.9,656.4,5.1,71.8,436.0,143.5,DAKSHIN KANDA,1.9,0.7,6.4,39.8,180.9,977.2,1227.2,833.6,313.6,236.9,82.0,15.6,3915.8,2.6,227.1,3351.6,334.5,3915.8
KARNATAKA,BIJAPUR,2.4,2.7,5.2,20.1,46.5,94.5,91.8,91.3,158.4,111.7,24.9,6.9,656.4,5.1,71.8,436.0,143.5,UDUPI,1.4,0.4,4.1,29.4,193.8,1081.0,1371.6,902.2,404.9,223.8,74.6,18.8,4306.0,1.8,227.3,3759.7,317.2,4306.0
KARNATAKA,BIJAPUR,2.4,2.7,5.2,20.1,46.5,94.5,91.8,91.3,158.4,111.7,24.9,6.9,656.4,5.1,71.8,436.0,143.5,BELGAM,0.7,0.9,6.2,30.2,74.8,130.4,204.0,126.7,113.0,116.6,30.6,5.1,839.2,1.6,111.2,574.1,152.3,839.2
KARNATAKA,BIJAPUR,2.4,2.7,5.2,20.1,46.5,94.5,91.8,91.3,158.4,111.7,24.9,6.9,656.4,5.1,71.8,436.0,143.5,BIDAR,5.9,6.1,10.1,21.7,31.4,137.1,190.7,196.6,170.5,93.5,20.9,6.2,890.7,12.0,63.2,694.9,120.6,890.7
KARNATAKA,BIJAPUR,2.4,2.7,5.2,20.1,46.5,94.5,91.8,91.3,158.4,111.7,24.9,6.9,656.4,5.1,71.8,436.0,143.5,BIJAPUR,2.4,2.7,5.2,20.1,46.5,94.5,91.8,91.3,158.4,111.7,24.9,6.9,656.4,5.1,71.8,436.0,143.5,656.4
KARNATAKA,BIJAPUR,2.4,2.7,5.2,20.1,46.5,94.5,91.8,91.3,158.4,111.7,24.9,6.9,656.4,5.1,71.8,436.0,143.5,DHARWAD,2.3,3.2,6.9,46.6,82.5,113.8,149.1,101.6,119.5,120.4,39.6,6.2,791.7,5.5,136.0,484.0,166.2,791.7
KARNATAKA,BIJAPUR,2.4,2.7,5.2,20.1,46.5,94.5,91.8,91.3,158.4,111.7,24.9,6.9,656.4,5.1,71.8,436.0,143.5,GULBARGA,4.3,2.9,6.2,19.7,36.4,112.8,156.1,167.6,184.0,105.3,20.8,4.5,820.6,7.2,62.3,620.5,130.6,820.6
KARNATAKA,BIJAPUR,2.4,2.7,5.2,20.1,46.5,94.5,91.8,91.3,158.4,111.7,24.9,6.9,656.4,5.1,71.8,436.0,143.5,YADGIR,4.4,3.6,5.2,20.5,36.8,116.8,153.0,161.2,179.8,123.4,24.5,5.3,834.5,8.0,62.5,610.8,153.2,834.5
KARNATAKA,BIJAPUR,2.4,2.7,5.2,20.1,46.5,94.5,91.8,91.3,158.4,111.7,24.9,6.9,656.4,5.1,71.8,436.0,143.5,RAICHUR,1.4,2.0,4.1,17.7,40.5,81.7,110.2,122.2,147.5,110.5,21.4,5.9,665.1,3.4,62.3,461.6,137.8,665.1
KARNATAKA,BIJAPUR,2.4,2.7,5.2,20.1,46.5,94.5,91.8,91.3,158.4,111.7,24.9,6.9,656.4,5.1,71.8,436.0,143.5,BAGALKOTE,1.8,1.5,4.5,23.5,57.3,80.1,73.6,72.5,137.1,112.8,25.3,7.0,597.0,3.3,85.3,363.3,145.1,597.0
KARNATAKA,BIJAPUR,2.4,2.7,5.2,20.1,46.5,94.5,91.8,91.3,158.4,111.7,24.9,6.9,656.4,5.1,71.8,436.0,143.5,GADAG,1.2,1.0,3.9,33.5,71.7,85.1,70.4,75.3,137.5,121.1,33.0,7.5,641.2,2.2,109.1,368.3,161.6,641.2
KARNATAKA,BIJAPUR,2.4,2.7,5.2,20.1,46.5,94.5,91.8,91.3,158.4,111.7,24.9,6.9,656.4,5.1,71.8,436.0,143.5,HAVERI,0.3,0.5,4.0,43.6,78.5,114.7,169.8,111.1,99.5,119.0,43.9,7.0,791.9,0.8,126.1,495.1,169.9,791.9
KARNATAKA,BIJAPUR,2.4,2.7,5.2,20.1,46.5,94.5,91.8,91.3,158.4,111.7,24.9,6.9,656.4,5.1,71.8,436.0,143.5,KOPPAL,1.2,0.4,2.5,19.2,50.5,72.2,75.6,89.1,145.7,108.1,25.8,8.0,598.3,1.6,72.2,382.6,141.9,598.3
KARNATAKA,BIJAPUR,2.4,2.7,5.2,20.1,46.5,94.5,91.8,91.3,158.4,111.7,24.9,6.9,656.4,5.1,71.8,436.0,143.5,BANGALORE RUR,1.7,5.8,7.6,36.2,93.1,71.2,91.7,118.1,170.9,171.8,55.4,13.5,837.0,7.5,136.9,451.9,240.7,837.0
KARNATAKA,BIJAPUR,2.4,2.7,5.2,20.1,46.5,94.5,91.8,91.3,158.4,111.7,24.9,6.9,656.4,5.1,71.8,436.0,143.5,BELLARY,1.4,1.4,2.9,26.2,57.9,72.4,77.0,89.3,137.3,116.3,31.1,9.6,622.8,2.8,87.0,376.0,157.0,622.8
KARNATAKA,BIJAPUR,2.4,2.7,5.2,20.1,46.5,94.5,91.8,91.3,158.4,111.7,24.9,6.9,656.4,5.1,71.8,436.0,143.5,CHIKMAGALUR,1.6,2.0,12.0,60.2,105.9,395.0,662.1,425.0,175.2,167.4,58.8,12.3,2077.5,3.6,178.1,1657.3,238.5,2077.5
KARNATAKA,BIJAPUR,2.4,2.7,5.2,20.1,46.5,94.5,91.8,91.3,158.4,111.7,24.9,6.9,656.4,5.1,71.8,436.0,143.5,CHITRADURGA,1.4,1.2,4.4,25.8,64.9,50.5,56.1,58.9,105.5,116.4,33.8,8.8,527.7,2.6,95.1,271.0,159.0,527.7
KARNATAKA,BIJAPUR,2.4,2.7,5.2,20.1,46.5,94.5,91.8,91.3,158.4,111.7,24.9,6.9,656.4,5.1,71.8,436.0,143.5,KODAGU,3.5,4.2,18.5,89.8,152.7,542.2,884.4,543.9,211.4,201.7,71.6,17.5,2741.4,7.7,261.0,2181.9,290.8,2741.4
KARNATAKA,BIJAPUR,2.4,2.7,5.2,20.1,46.5,94.5,91.8,91.3,158.4,111.7,24.9,6.9,656.4,5.1,71.8,436.0,143.5,HASSAN,1.3,2.5,10.7,55.1,102.2,125.0,203.8,130.0,115.5,156.0,54.1,10.9,967.1,3.8,168.0,574.3,221.0,967.1
KARNATAKA,BIJAPUR,2.4,2.7,5.2,20.1,46.5,94.5,91.8,91.3,158.4,111.7,24.9,6.9,656.4,5.1,71.8,436.0,143.5,KOLAR,2.7,4.5,10.4,27.8,74.4,63.3,76.4,91.2,151.8,148.2,58.8,21.6,731.1,7.2,112.6,382.7,228.6,731.1
KARNATAKA,BIJAPUR,2.4,2.7,5.2,20.1,46.5,94.5,91.8,91.3,158.4,111.7,24.9,6.9,656.4,5.1,71.8,436.0,143.5,MANDYA,1.9,3.6,7.6,45.3,105.1,48.7,49.3,58.9,128.2,153.1,47.0,14.0,662.7,5.5,158.0,285.1,214.1,662.7
KARNATAKA,BIJAPUR,2.4,2.7,5.2,20.1,46.5,94.5,91.8,91.3,158.4,111.7,24.9,6.9,656.4,5.1,71.8,436.0,143.5,MYSORE,2.5,3.5,11.4,58.7,124.6,79.7,92.4,64.8,106.7,152.4,48.8,13.1,758.6,6.0,194.7,343.6,214.3,758.6
KARNATAKA,BIJAPUR,2.4,2.7,5.2,20.1,46.5,94.5,91.8,91.3,158.4,111.7,24.9,6.9,656.4,5.1,71.8,436.0,143.5,SHIMOGA,0.5,0.4,6.3,38.0,78.3,346.8,624.3,403.8,139.1,137.5,44.6,8.3,1827.9,0.9,122.6,1514.0,190.4,1827.9
KARNATAKA,BIJAPUR,2.4,2.7,5.2,20.1,46.5,94.5,91.8,91.3,158.4,111.7,24.9,6.9,656.4,5.1,71.8,436.0,143.5,TUMKUR,2.4,3.0,7.1,34.0,87.1,61.5,69.7,79.5,148.5,148.9,46.7,10.1,698.5,5.4,128.2,359.2,205.7,698.5
KARNATAKA,BIJAPUR,2.4,2.7,5.2,20.1,46.5,94.5,91.8,91.3,158.4,111.7,24.9,6.9,656.4,5.1,71.8,436.0,143.5,BANGALORE URB,2.3,6.7,8.2,39.2,106.3,73.9,91.6,128.9,181.3,159.7,53.9,18.0,870.0,9.0,153.7,475.7,231.6,870.0
KARNATAKA,BIJAPUR,2.4,2.7,5.2,20.1,46.5,94.5,91.8,91.3,158.4,111.7,24.9,6.9,656.4,5.1,71.8,436.0,143.5,CHAMARAJANAGA,3.4,6.0,13.2,69.2,131.2,61.8,68.7,66.0,124.1,157.8,62.7,24.3,788.4,9.4,213.6,320.6,244.8,788.4
KARNATAKA,BIJAPUR,2.4,2.7,5.2,20.1,46.5,94.5,91.8,91.3,158.4,111.7,24.9,6.9,656.4,5.1,71.8,436.0,143.5,DAVANGERE,1.1,0.8,4.2,35.0,74.0,78.7,102.9,87.0,116.3,124.4,44.9,7.4,676.7,1.9,113.2,384.9,176.7,676.7
KARNATAKA,BIJAPUR,2.4,2.7,5.2,20.1,46.5,94.5,91.8,91.3,158.4,111.7,24.9,6.9,656.4,5.1,71.8,436.0,143.5,RAMNAGAR(BNGR),1.5,4.7,10.2,47.9,122.3,73.1,84.5,108.8,187.6,174.1,54.0,15.0,883.7,6.2,180.4,454.0,243.1,883.7
KARNATAKA,BIJAPUR,2.4,2.7,5.2,20.1,46.5,94.5,91.8,91.3,158.4,111.7,24.9,6.9,656.4,5.1,71.8,436.0,143.5,CHICKBALLAPUR,2.1,4.6,8.2,27.2,69.4,64.3,89.2,104.9,153.4,156.8,52.9,15.5,748.5,6.7,104.8,411.8,225.2,748.5
KARNATAKA,DHARWAD,2.3,3.2,6.9,46.6,82.5,113.8,149.1,101.6,119.5,120.4,39.6,6.2,791.7,5.5,136.0,484.0,166.2,UTTAR KANNADA,0.3,0.1,2.7,22.1,114.0,740.9,1053.8,667.7,258.5,155.1,44.1,11.2,3070.5,0.4,138.8,2720.9,210.4,3070.5
KARNATAKA,DHARWAD,2.3,3.2,6.9,46.6,82.5,113.8,149.1,101.6,119.5,120.4,39.6,6.2,791.7,5.5,136.0,484.0,166.2,DAKSHIN KANDA,1.9,0.7,6.4,39.8,180.9,977.2,1227.2,833.6,313.6,236.9,82.0,15.6,3915.8,2.6,227.1,3351.6,334.5,3915.8
KARNATAKA,DHARWAD,2.3,3.2,6.9,46.6,82.5,113.8,149.1,101.6,119.5,120.4,39.6,6.2,791.7,5.5,136.0,484.0,166.2,UDUPI,1.4,0.4,4.1,29.4,193.8,1081.0,1371.6,902.2,404.9,223.8,74.6,18.8,4306.0,1.8,227.3,3759.7,317.2,4306.0
KARNATAKA,DHARWAD,2.3,3.2,6.9,46.6,82.5,113.8,149.1,101.6,119.5,120.4,39.6,6.2,791.7,5.5,136.0,484.0,166.2,BELGAM,0.7,0.9,6.2,30.2,74.8,130.4,204.0,126.7,113.0,116.6,30.6,5.1,839.2,1.6,111.2,574.1,152.3,839.2
KARNATAKA,DHARWAD,2.3,3.2,6.9,46.6,82.5,113.8,149.1,101.6,119.5,120.4,39.6,6.2,791.7,5.5,136.0,484.0,166.2,BIDAR,5.9,6.1,10.1,21.7,31.4,137.1,190.7,196.6,170.5,93.5,20.9,6.2,890.7,12.0,63.2,694.9,120.6,890.7
KARNATAKA,DHARWAD,2.3,3.2,6.9,46.6,82.5,113.8,149.1,101.6,119.5,120.4,39.6,6.2,791.7,5.5,136.0,484.0,166.2,BIJAPUR,2.4,2.7,5.2,20.1,46.5,94.5,91.8,91.3,158.4,111.7,24.9,6.9,656.4,5.1,71.8,436.0,143.5,656.4
KARNATAKA,DHARWAD,2.3,3.2,6.9,46.6,82.5,113.8,149.1,101.6,119.5,120.4,39.6,6.2,791.7,5.5,136.0,484.0,166.2,DHARWAD,2.3,3.2,6.9,46.6,82.5,113.8,149.1,101.6,119.5,120.4,39.6,6.2,791.7,5.5,136.0,484.0,166.2,791.7
KARNATAKA,DHARWAD,2.3,3.2,6.9,46.6,82.5,113.8,149.1,101.6,119.5,120.4,39.6,6.2,791.7,5.5,136.0,484.0,166.2,GULBARGA,4.3,2.9,6.2,19.7,36.4,112.8,156.1,167.6,184.0,105.3,20.8,4.5,820.6,7.2,62.3,620.5,130.6,820.6
KARNATAKA,DHARWAD,2.3,3.2,6.9,46.6,82.5,113.8,149.1,101.6,119.5,120.4,39.6,6.2,791.7,5.5,136.0,484.0,166.2,YADGIR,4.4,3.6,5.2,20.5,36.8,116.8,153.0,161.2,179.8,123.4,24.5,5.3,834.5,8.0,62.5,610.8,153.2,834.5
KARNATAKA,DHARWAD,2.3,3.2,6.9,46.6,82.5,113.8,149.1,101.6,119.5,120.4,39.6,6.2,791.7,5.5,136.0,484.0,166.2,RAICHUR,1.4,2.0,4.1,17.7,40.5,81.7,110.2,122.2,147.5,110.5,21.4,5.9,665.1,3.4,62.3,461.6,137.8,665.1
KARNATAKA,DHARWAD,2.3,3.2,6.9,46.6,82.5,113.8,149.1,101.6,119.5,120.4,39.6,6.2,791.7,5.5,136.0,484.0,166.2,BAGALKOTE,1.8,1.5,4.5,23.5,57.3,80.1,73.6,72.5,137.1,112.8,25.3,7.0,597.0,3.3,85.3,363.3,145.1,597.0
KARNATAKA,DHARWAD,2.3,3.2,6.9,46.6,82.5,113.8,149.1,101.6,119.5,120.4,39.6,6.2,791.7,5.5,136.0,484.0,166.2,GADAG,1.2,1.0,3.9,33.5,71.7,85.1,70.4,75.3,137.5,121.1,33.0,7.5,641.2,2.2,109.1,368.3,161.6,641.2
KARNATAKA,DHARWAD,2.3,3.2,6.9,46.6,82.5,113.8,149.1,101.6,119.5,120.4,39.6,6.2,791.7,5.5,136.0,484.0,166.2,HAVERI,0.3,0.5,4.0,43.6,78.5,114.7,169.8,111.1,99.5,119.0,43.9,7.0,791.9,0.8,126.1,495.1,169.9,791.9
KARNATAKA,DHARWAD,2.3,3.2,6.9,46.6,82.5,113.8,149.1,101.6,119.5,120.4,39.6,6.2,791.7,5.5,136.0,484.0,166.2,KOPPAL,1.2,0.4,2.5,19.2,50.5,72.2,75.6,89.1,145.7,108.1,25.8,8.0,598.3,1.6,72.2,382.6,141.9,598.3
KARNATAKA,DHARWAD,2.3,3.2,6.9,46.6,82.5,113.8,149.1,101.6,119.5,120.4,39.6,6.2,791.7,5.5,136.0,484.0,166.2,BANGALORE RUR,1.7,5.8,7.6,36.2,93.1,71.2,91.7,118.1,170.9,171.8,55.4,13.5,837.0,7.5,136.9,451.9,240.7,837.0
KARNATAKA,DHARWAD,2.3,3.2,6.9,46.6,82.5,113.8,149.1,101.6,119.5,120.4,39.6,6.2,791.7,5.5,136.0,484.0,166.2,BELLARY,1.4,1.4,2.9,26.2,57.9,72.4,77.0,89.3,137.3,116.3,31.1,9.6,622.8,2.8,87.0,376.0,157.0,622.8
KARNATAKA,DHARWAD,2.3,3.2,6.9,46.6,82.5,113.8,149.1,101.6,119.5,120.4,39.6,6.2,791.7,5.5,136.0,484.0,166.2,CHIKMAGALUR,1.6,2.0,12.0,60.2,105.9,395.0,662.1,425.0,175.2,167.4,58.8,12.3,2077.5,3.6,178.1,1657.3,238.5,2077.5
KARNATAKA,DHARWAD,2.3,3.2,6.9,46.6,82.5,113.8,149.1,101.6,119.5,120.4,39.6,6.2,791.7,5.5,136.0,484.0,166.2,CHITRADURGA,1.4,1.2,4.4,25.8,64.9,50.5,56.1,58.9,105.5,116.4,33.8,8.8,527.7,2.6,95.1,271.0,159.0,527.7
KARNATAKA,DHARWAD,2.3,3.2,6.9,46.6,82.5,113.8,149.1,101.6,119.5,120.4,39.6,6.2,791.7,5.5,136.0,484.0,166.2,KODAGU,3.5,4.2,18.5,89.8,152.7,542.2,884.4,543.9,211.4,201.7,71.6,17.5,2741.4,7.7,261.0,2181.9,290.8,2741.4
KARNATAKA,DHARWAD,2.3,3.2,6.9,46.6,82.5,113.8,149.1,101.6,119.5,120.4,39.6,6.2,791.7,5.5,136.0,484.0,166.2,HASSAN,1.3,2.5,10.7,55.1,102.2,125.0,203.8,130.0,115.5,156.0,54.1,10.9,967.1,3.8,168.0,574.3,221.0,967.1
KARNATAKA,DHARWAD,2.3,3.2,6.9,46.6,82.5,113.8,149.1,101.6,119.5,120.4,39.6,6.2,791.7,5.5,136.0,484.0,166.2,KOLAR,2.7,4.5,10.4,27.8,74.4,63.3,76.4,91.2,151.8,148.2,58.8,21.6,731.1,7.2,112.6,382.7,228.6,731.1
KARNATAKA,DHARWAD,2.3,3.2,6.9,46.6,82.5,113.8,149.1,101.6,119.5,120.4,39.6,6.2,791.7,5.5,136.0,484.0,166.2,MANDYA,1.9,3.6,7.6,45.3,105.1,48.7,49.3,58.9,128.2,153.1,47.0,14.0,662.7,5.5,158.0,285.1,214.1,662.7
KARNATAKA,DHARWAD,2.3,3.2,6.9,46.6,82.5,113.8,149.1,101.6,119.5,120.4,39.6,6.2,791.7,5.5,136.0,484.0,166.2,MYSORE,2.5,3.5,11.4,58.7,124.6,79.7,92.4,64.8,106.7,152.4,48.8,13.1,758.6,6.0,194.7,343.6,214.3,758.6
KARNATAKA,DHARWAD,2.3,3.2,6.9,46.6,82.5,113.8,149.1,101.6,119.5,120.4,39.6,6.2,791.7,5.5,136.0,484.0,166.2,SHIMOGA,0.5,0.4,6.3,38.0,78.3,346.8,624.3,403.8,139.1,137.5,44.6,8.3,1827.9,0.9,122.6,1514.0,190.4,1827.9
KARNATAKA,DHARWAD,2.3,3.2,6.9,46.6,82.5,113.8,149.1,101.6,119.5,120.4,39.6,6.2,791.7,5.5,136.0,484.0,166.2,TUMKUR,2.4,3.0,7.1,34.0,87.1,61.5,69.7,79.5,148.5,148.9,46.7,10.1,698.5,5.4,128.2,359.2,205.7,698.5
KARNATAKA,DHARWAD,2.3,3.2,6.9,46.6,82.5,113.8,149.1,101.6,119.5,120.4,39.6,6.2,791.7,5.5,136.0,484.0,166.2,BANGALORE URB,2.3,6.7,8.2,39.2,106.3,73.9,91.6,128.9,181.3,159.7,53.9,18.0,870.0,9.0,153.7,475.7,231.6,870.0
KARNATAKA,DHARWAD,2.3,3.2,6.9,46.6,82.5,113.8,149.1,101.6,119.5,120.4,39.6,6.2,791.7,5.5,136.0,484.0,166.2,CHAMARAJANAGA,3.4,6.0,13.2,69.2,131.2,61.8,68.7,66.0,124.1,157.8,62.7,24.3,788.4,9.4,213.6,320.6,244.8,788.4
KARNATAKA,DHARWAD,2.3,3.2,6.9,46.6,82.5,113.8,149.1,101.6,119.5,120.4,39.6,6.2,791.7,5.5,136.0,484.0,166.2,DAVANGERE,1.1,0.8,4.2,35.0,74.0,78.7,102.9,87.0,116.3,124.4,44.9,7.4,676.7,1.9,113.2,384.9,176.7,676.7
KARNATAKA,DHARWAD,2.3,3.2,6.9,46.6,82.5,113.8,149.1,101.6,119.5,120.4,39.6,6.2,791.7,5.5,136.0,484.0,166.2,RAMNAGAR(BNGR),1.5,4.7,10.2,47.9,122.3,73.1,84.5,108.8,187.6,174.1,54.0,15.0,883.7,6.2,180.4,454.0,243.1,883.7
KARNATAKA,DHARWAD,2.3,3.2,6.9,46.6,82.5,113.8,149.1,101.6,119.5,120.4,39.6,6.2,791.7,5.5,136.0,484.0,166.2,CHICKBALLAPUR,2.1,4.6,8.2,27.2,69.4,64.3,89.2,104.9,153.4,156.8,52.9,15.5,748.5,6.7,104.8,411.8,225.2,748.5
KARNATAKA,GULBARGA,4.3,2.9,6.2,19.7,36.4,112.8,156.1,167.6,184.0,105.3,20.8,4.5,820.6,7.2,62.3,620.5,130.6,UTTAR KANNADA,0.3,0.1,2.7,22.1,114.0,740.9,1053.8,667.7,258.5,155.1,44.1,11.2,3070.5,0.4,138.8,2720.9,210.4,3070.5
KARNATAKA,GULBARGA,4.3,2.9,6.2,19.7,36.4,112.8,156.1,167.6,184.0,105.3,20.8,4.5,820.6,7.2,62.3,620.5,130.6,DAKSHIN KANDA,1.9,0.7,6.4,39.8,180.9,977.2,1227.2,833.6,313.6,236.9,82.0,15.6,3915.8,2.6,227.1,3351.6,334.5,3915.8
KARNATAKA,GULBARGA,4.3,2.9,6.2,19.7,36.4,112.8,156.1,167.6,184.0,105.3,20.8,4.5,820.6,7.2,62.3,620.5,130.6,UDUPI,1.4,0.4,4.1,29.4,193.8,1081.0,1371.6,902.2,404.9,223.8,74.6,18.8,4306.0,1.8,227.3,3759.7,317.2,4306.0
KARNATAKA,GULBARGA,4.3,2.9,6.2,19.7,36.4,112.8,156.1,167.6,184.0,105.3,20.8,4.5,820.6,7.2,62.3,620.5,130.6,BELGAM,0.7,0.9,6.2,30.2,74.8,130.4,204.0,126.7,113.0,116.6,30.6,5.1,839.2,1.6,111.2,574.1,152.3,839.2
KARNATAKA,GULBARGA,4.3,2.9,6.2,19.7,36.4,112.8,156.1,167.6,184.0,105.3,20.8,4.5,820.6,7.2,62.3,620.5,130.6,BIDAR,5.9,6.1,10.1,21.7,31.4,137.1,190.7,196.6,170.5,93.5,20.9,6.2,890.7,12.0,63.2,694.9,120.6,890.7
KARNATAKA,GULBARGA,4.3,2.9,6.2,19.7,36.4,112.8,156.1,167.6,184.0,105.3,20.8,4.5,820.6,7.2,62.3,620.5,130.6,BIJAPUR,2.4,2.7,5.2,20.1,46.5,94.5,91.8,91.3,158.4,111.7,24.9,6.9,656.4,5.1,71.8,436.0,143.5,656.4
KARNATAKA,GULBARGA,4.3,2.9,6.2,19.7,36.4,112.8,156.1,167.6,184.0,105.3,20.8,4.5,820.6,7.2,62.3,620.5,130.6,DHARWAD,2.3,3.2,6.9,46.6,82.5,113.8,149.1,101.6,119.5,120.4,39.6,6.2,791.7,5.5,136.0,484.0,166.2,791.7
KARNATAKA,GULBARGA,4.3,2.9,6.2,19.7,36.4,112.8,156.1,167.6,184.0,105.3,20.8,4.5,820.6,7.2,62.3,620.5,130.6,GULBARGA,4.3,2.9,6.2,19.7,36.4,112.8,156.1,167.6,184.0,105.3,20.8,4.5,820.6,7.2,62.3,620.5,130.6,820.6
KARNATAKA,GULBARGA,4.3,2.9,6.2,19.7,36.4,112.8,156.1,167.6,184.0,105.3,20.8,4.5,820.6,7.2,62.3,620.5,130.6,YADGIR,4.4,3.6,5.2,20.5,36.8,116.8,153.0,161.2,179.8,123.4,24.5,5.3,834.5,8.0,62.5,610.8,153.2,834.5
KARNATAKA,GULBARGA,4.3,2.9,6.2,19.7,36.4,112.8,156.1,167.6,184.0,105.3,20.8,4.5,820.6,7.2,62.3,620.5,130.6,RAICHUR,1.4,2.0,4.1,17.7,40.5,81.7,110.2,122.2,147.5,110.5,21.4,5.9,665.1,3.4,62.3,461.6,137.8,665.1
KARNATAKA,GULBARGA,4.3,2.9,6.2,19.7,36.4,112.8,156.1,167.6,184.0,105.3,20.8,4.5,820.6,7.2,62.3,620.5,130.6,BAGALKOTE,1.8,1.5,4.5,23.5,57.3,80.1,73.6,72.5,137.1,112.8,25.3,7.0,597.0,3.3,85.3,363.3,145.1,597.0
KARNATAKA,GULBARGA,4.3,2.9,6.2,19.7,36.4,112.8,156.1,167.6,184.0,105.3,20.8,4.5,820.6,7.2,62.3,620.5,130.6,GADAG,1.2,1.0,3.9,33.5,71.7,85.1,70.4,75.3,137.5,121.1,33.0,7.5,641.2,2.2,109.1,368.3,161.6,641.2
KARNATAKA,GULBARGA,4.3,2.9,6.2,19.7,36.4,112.8,156.1,167.6,184.0,105.3,20.8,4.5,820.6,7.2,62.3,620.5,130.6,HAVERI,0.3,0.5,4.0,43.6,78.5,114.7,169.8,111.1,99.5,119.0,43.9,7.0,791.9,0.8,126.1,495.1,169.9,791.9
KARNATAKA,GULBARGA,4.3,2.9,6.2,19.7,36.4,112.8,156.1,167.6,184.0,105.3,20.8,4.5,820.6,7.2,62.3,620.5,130.6,KOPPAL,1.2,0.4,2.5,19.2,50.5,72.2,75.6,89.1,145.7,108.1,25.8,8.0,598.3,1.6,72.2,382.6,141.9,598.3
KARNATAKA,GULBARGA,4.3,2.9,6.2,19.7,36.4,112.8,156.1,167.6,184.0,105.3,20.8,4.5,820.6,7.2,62.3,620.5,130.6,BANGALORE RUR,1.7,5.8,7.6,36.2,93.1,71.2,91.7,118.1,170.9,171.8,55.4,13.5,837.0,7.5,136.9,451.9,240.7,837.0
KARNATAKA,GULBARGA,4.3,2.9,6.2,19.7,36.4,112.8,156.1,167.6,184.0,105.3,20.8,4.5,820.6,7.2,62.3,620.5,130.6,BELLARY,1.4,1.4,2.9,26.2,57.9,72.4,77.0,89.3,137.3,116.3,31.1,9.6,622.8,2.8,87.0,376.0,157.0,622.8
KARNATAKA,GULBARGA,4.3,2.9,6.2,19.7,36.4,112.8,156.1,167.6,184.0,105.3,20.8,4.5,820.6,7.2,62.3,620.5,130.6,CHIKMAGALUR,1.6,2.0,12.0,60.2,105.9,395.0,662.1,425.0,175.2,167.4,58.8,12.3,2077.5,3.6,178.1,1657.3,238.5,2077.5
KARNATAKA,GULBARGA,4.3,2.9,6.2,19.7,36.4,112.8,156.1,167.6,184.0,105.3,20.8,4.5,820.6,7.2,62.3,620.5,130.6,CHITRADURGA,1.4,1.2,4.4,25.8,64.9,50.5,56.1,58.9,105.5,116.4,33.8,8.8,527.7,2.6,95.1,271.0,159.0,527.7
KARNATAKA,GULBARGA,4.3,2.9,6.2,19.7,36.4,112.8,156.1,167.6,184.0,105.3,20.8,4.5,820.6,7.2,62.3,620.5,130.6,KODAGU,3.5,4.2,18.5,89.8,152.7,542.2,884.4,543.9,211.4,201.7,71.6,17.5,2741.4,7.7,261.0,2181.9,290.8,2741.4
KARNATAKA,GULBARGA,4.3,2.9,6.2,19.7,36.4,112.8,156.1,167.6,184.0,105.3,20.8,4.5,820.6,7.2,62.3,620.5,130.6,HASSAN,1.3,2.5,10.7,55.1,102.2,125.0,203.8,130.0,115.5,156.0,54.1,10.9,967.1,3.8,168.0,574.3,221.0,967.1
KARNATAKA,GULBARGA,4.3,2.9,6.2,19.7,36.4,112.8,156.1,167.6,184.0,105.3,20.8,4.5,820.6,7.2,62.3,620.5,130.6,KOLAR,2.7,4.5,10.4,27.8,74.4,63.3,76.4,91.2,151.8,148.2,58.8,21.6,731.1,7.2,112.6,382.7,228.6,731.1
KARNATAKA,GULBARGA,4.3,2.9,6.2,19.7,36.4,112.8,156.1,167.6,184.0,105.3,20.8,4.5,820.6,7.2,62.3,620.5,130.6,MANDYA,1.9,3.6,7.6,45.3,105.1,48.7,49.3,58.9,128.2,153.1,47.0,14.0,662.7,5.5,158.0,285.1,214.1,662.7
KARNATAKA,GULBARGA,4.3,2.9,6.2,19.7,36.4,112.8,156.1,167.6,184.0,105.3,20.8,4.5,820.6,7.2,62.3,620.5,130.6,MYSORE,2.5,3.5,11.4,58.7,124.6,79.7,92.4,64.8,106.7,152.4,48.8,13.1,758.6,6.0,194.7,343.6,214.3,758.6
KARNATAKA,GULBARGA,4.3,2.9,6.2,19.7,36.4,112.8,156.1,167.6,184.0,105.3,20.8,4.5,820.6,7.2,62.3,620.5,130.6,SHIMOGA,0.5,0.4,6.3,38.0,78.3,346.8,624.3,403.8,139.1,137.5,44.6,8.3,1827.9,0.9,122.6,1514.0,190.4,1827.9
KARNATAKA,GULBARGA,4.3,2.9,6.2,19.7,36.4,112.8,156.1,167.6,184.0,105.3,20.8,4.5,820.6,7.2,62.3,620.5,130.6,TUMKUR,2.4,3.0,7.1,34.0,87.1,61.5,69.7,79.5,148.5,148.9,46.7,10.1,698.5,5.4,128.2,359.2,205.7,698.5
KARNATAKA,GULBARGA,4.3,2.9,6.2,19.7,36.4,112.8,156.1,167.6,184.0,105.3,20.8,4.5,820.6,7.2,62.3,620.5,130.6,BANGALORE URB,2.3,6.7,8.2,39.2,106.3,73.9,91.6,128.9,181.3,159.7,53.9,18.0,870.0,9.0,153.7,475.7,231.6,870.0
KARNATAKA,GULBARGA,4.3,2.9,6.2,19.7,36.4,112.8,156.1,167.6,184.0,105.3,20.8,4.5,820.6,7.2,62.3,620.5,130.6,CHAMARAJANAGA,3.4,6.0,13.2,69.2,131.2,61.8,68.7,66.0,124.1,157.8,62.7,24.3,788.4,9.4,213.6,320.6,244.8,788.4
KARNATAKA,GULBARGA,4.3,2.9,6.2,19.7,36.4,112.8,156.1,167.6,184.0,105.3,20.8,4.5,820.6,7.2,62.3,620.5,130.6,DAVANGERE,1.1,0.8,4.2,35.0,74.0,78.7,102.9,87.0,116.3,124.4,44.9,7.4,676.7,1.9,113.2,384.9,176.7,676.7
KARNATAKA,GULBARGA,4.3,2.9,6.2,19.7,36.4,112.8,156.1,167.6,184.0,105.3,20.8,4.5,820.6,7.2,62.3,620.5,130.6,RAMNAGAR(BNGR),1.5,4.7,10.2,47.9,122.3,73.1,84.5,108.8,187.6,174.1,54.0,15.0,883.7,6.2,180.4,454.0,243.1,883.7
KARNATAKA,GULBARGA,4.3,2.9,6.2,19.7,36.4,112.8,156.1,167.6,184.0,105.3,20.8,4.5,820.6,7.2,62.3,620.5,130.6,CHICKBALLAPUR,2.1,4.6,8.2,27.2,69.4,64.3,89.2,104.9,153.4,156.8,52.9,15.5,748.5,6.7,104.8,411.8,225.2,748.5
KARNATAKA,YADGIR,4.4,3.6,5.2,20.5,36.8,116.8,153.0,161.2,179.8,123.4,24.5,5.3,834.5,8.0,62.5,610.8,153.2,UTTAR KANNADA,0.3,0.1,2.7,22.1,114.0,740.9,1053.8,667.7,258.5,155.1,44.1,11.2,3070.5,0.4,138.8,2720.9,210.4,3070.5
KARNATAKA,YADGIR,4.4,3.6,5.2,20.5,36.8,116.8,153.0,161.2,179.8,123.4,24.5,5.3,834.5,8.0,62.5,610.8,153.2,DAKSHIN KANDA,1.9,0.7,6.4,39.8,180.9,977.2,1227.2,833.6,313.6,236.9,82.0,15.6,3915.8,2.6,227.1,3351.6,334.5,3915.8
KARNATAKA,YADGIR,4.4,3.6,5.2,20.5,36.8,116.8,153.0,161.2,179.8,123.4,24.5,5.3,834.5,8.0,62.5,610.8,153.2,UDUPI,1.4,0.4,4.1,29.4,193.8,1081.0,1371.6,902.2,404.9,223.8,74.6,18.8,4306.0,1.8,227.3,3759.7,317.2,4306.0
KARNATAKA,YADGIR,4.4,3.6,5.2,20.5,36.8,116.8,153.0,161.2,179.8,123.4,24.5,5.3,834.5,8.0,62.5,610.8,153.2,BELGAM,0.7,0.9,6.2,30.2,74.8,130.4,204.0,126.7,113.0,116.6,30.6,5.1,839.2,1.6,111.2,574.1,152.3,839.2
KARNATAKA,YADGIR,4.4,3.6,5.2,20.5,36.8,116.8,153.0,161.2,179.8,123.4,24.5,5.3,834.5,8.0,62.5,610.8,153.2,BIDAR,5.9,6.1,10.1,21.7,31.4,137.1,190.7,196.6,170.5,93.5,20.9,6.2,890.7,12.0,63.2,694.9,120.6,890.7
KARNATAKA,YADGIR,4.4,3.6,5.2,20.5,36.8,116.8,153.0,161.2,179.8,123.4,24.5,5.3,834.5,8.0,62.5,610.8,153.2,BIJAPUR,2.4,2.7,5.2,20.1,46.5,94.5,91.8,91.3,158.4,111.7,24.9,6.9,656.4,5.1,71.8,436.0,143.5,656.4
KARNATAKA,YADGIR,4.4,3.6,5.2,20.5,36.8,116.8,153.0,161.2,179.8,123.4,24.5,5.3,834.5,8.0,62.5,610.8,153.2,DHARWAD,2.3,3.2,6.9,46.6,82.5,113.8,149.1,101.6,119.5,120.4,39.6,6.2,791.7,5.5,136.0,484.0,166.2,791.7
KARNATAKA,YADGIR,4.4,3.6,5.2,20.5,36.8,116.8,153.0,161.2,179.8,123.4,24.5,5.3,834.5,8.0,62.5,610.8,153.2,GULBARGA,4.3,2.9,6.2,19.7,36.4,112.8,156.1,167.6,184.0,105.3,20.8,4.5,820.6,7.2,62.3,620.5,130.6,820.6
KARNATAKA,YADGIR,4.4,3.6,5.2,20.5,36.8,116.8,153.0,161.2,179.8,123.4,24.5,5.3,834.5,8.0,62.5,610.8,153.2,YADGIR,4.4,3.6,5.2,20.5,36.8,116.8,153.0,161.2,179.8,123.4,24.5,5.3,834.5,8.0,62.5,610.8,153.2,834.5
KARNATAKA,YADGIR,4.4,3.6,5.2,20.5,36.8,116.8,153.0,161.2,179.8,123.4,24.5,5.3,834.5,8.0,62.5,610.8,153.2,RAICHUR,1.4,2.0,4.1,17.7,40.5,81.7,110.2,122.2,147.5,110.5,21.4,5.9,665.1,3.4,62.3,461.6,137.8,665.1
KARNATAKA,YADGIR,4.4,3.6,5.2,20.5,36.8,116.8,153.0,161.2,179.8,123.4,24.5,5.3,834.5,8.0,62.5,610.8,153.2,BAGALKOTE,1.8,1.5,4.5,23.5,57.3,80.1,73.6,72.5,137.1,112.8,25.3,7.0,597.0,3.3,85.3,363.3,145.1,597.0
KARNATAKA,YADGIR,4.4,3.6,5.2,20.5,36.8,116.8,153.0,161.2,179.8,123.4,24.5,5.3,834.5,8.0,62.5,610.8,153.2,GADAG,1.2,1.0,3.9,33.5,71.7,85.1,70.4,75.3,137.5,121.1,33.0,7.5,641.2,2.2,109.1,368.3,161.6,641.2
KARNATAKA,YADGIR,4.4,3.6,5.2,20.5,36.8,116.8,153.0,161.2,179.8,123.4,24.5,5.3,834.5,8.0,62.5,610.8,153.2,HAVERI,0.3,0.5,4.0,43.6,78.5,114.7,169.8,111.1,99.5,119.0,43.9,7.0,791.9,0.8,126.1,495.1,169.9,791.9
KARNATAKA,YADGIR,4.4,3.6,5.2,20.5,36.8,116.8,153.0,161.2,179.8,123.4,24.5,5.3,834.5,8.0,62.5,610.8,153.2,KOPPAL,1.2,0.4,2.5,19.2,50.5,72.2,75.6,89.1,145.7,108.1,25.8,8.0,598.3,1.6,72.2,382.6,141.9,598.3
KARNATAKA,YADGIR,4.4,3.6,5.2,20.5,36.8,116.8,153.0,161.2,179.8,123.4,24.5,5.3,834.5,8.0,62.5,610.8,153.2,BANGALORE RUR,1.7,5.8,7.6,36.2,93.1,71.2,91.7,118.1,170.9,171.8,55.4,13.5,837.0,7.5,136.9,451.9,240.7,837.0
KARNATAKA,YADGIR,4.4,3.6,5.2,20.5,36.8,116.8,153.0,161.2,179.8,123.4,24.5,5.3,834.5,8.0,62.5,610.8,153.2,BELLARY,1.4,1.4,2.9,26.2,57.9,72.4,77.0,89.3,137.3,116.3,31.1,9.6,622.8,2.8,87.0,376.0,157.0,622.8
KARNATAKA,YADGIR,4.4,3.6,5.2,20.5,36.8,116.8,153.0,161.2,179.8,123.4,24.5,5.3,834.5,8.0,62.5,610.8,153.2,CHIKMAGALUR,1.6,2.0,12.0,60.2,105.9,395.0,662.1,425.0,175.2,167.4,58.8,12.3,2077.5,3.6,178.1,1657.3,238.5,2077.5
KARNATAKA,YADGIR,4.4,3.6,5.2,20.5,36.8,116.8,153.0,161.2,179.8,123.4,24.5,5.3,834.5,8.0,62.5,610.8,153.2,CHITRADURGA,1.4,1.2,4.4,25.8,64.9,50.5,56.1,58.9,105.5,116.4,33.8,8.8,527.7,2.6,95.1,271.0,159.0,527.7
KARNATAKA,YADGIR,4.4,3.6,5.2,20.5,36.8,116.8,153.0,161.2,179.8,123.4,24.5,5.3,834.5,8.0,62.5,610.8,153.2,KODAGU,3.5,4.2,18.5,89.8,152.7,542.2,884.4,543.9,211.4,201.7,71.6,17.5,2741.4,7.7,261.0,2181.9,290.8,2741.4
KARNATAKA,YADGIR,4.4,3.6,5.2,20.5,36.8,116.8,153.0,161.2,179.8,123.4,24.5,5.3,834.5,8.0,62.5,610.8,153.2,HASSAN,1.3,2.5,10.7,55.1,102.2,125.0,203.8,130.0,115.5,156.0,54.1,10.9,967.1,3.8,168.0,574.3,221.0,967.1
KARNATAKA,YADGIR,4.4,3.6,5.2,20.5,36.8,116.8,153.0,161.2,179.8,123.4,24.5,5.3,834.5,8.0,62.5,610.8,153.2,KOLAR,2.7,4.5,10.4,27.8,74.4,63.3,76.4,91.2,151.8,148.2,58.8,21.6,731.1,7.2,112.6,382.7,228.6,731.1
KARNATAKA,YADGIR,4.4,3.6,5.2,20.5,36.8,116.8,153.0,161.2,179.8,123.4,24.5,5.3,834.5,8.0,62.5,610.8,153.2,MANDYA,1.9,3.6,7.6,45.3,105.1,48.7,49.3,58.9,128.2,153.1,47.0,14.0,662.7,5.5,158.0,285.1,214.1,662.7
KARNATAKA,YADGIR,4.4,3.6,5.2,20.5,36.8,116.8,153.0,161.2,179.8,123.4,24.5,5.3,834.5,8.0,62.5,610.8,153.2,MYSORE,2.5,3.5,11.4,58.7,124.6,79.7,92.4,64.8,106.7,152.4,48.8,13.1,758.6,6.0,194.7,343.6,214.3,758.6
KARNATAKA,YADGIR,4.4,3.6,5.2,20.5,36.8,116.8,153.0,161.2,179.8,123.4,24.5,5.3,834.5,8.0,62.5,610.8,153.2,SHIMOGA,0.5,0.4,6.3,38.0,78.3,346.8,624.3,403.8,139.1,137.5,44.6,8.3,1827.9,0.9,122.6,1514.0,190.4,1827.9
KARNATAKA,YADGIR,4.4,3.6,5.2,20.5,36.8,116.8,153.0,161.2,179.8,123.4,24.5,5.3,834.5,8.0,62.5,610.8,153.2,TUMKUR,2.4,3.0,7.1,34.0,87.1,61.5,69.7,79.5,148.5,148.9,46.7,10.1,698.5,5.4,128.2,359.2,205.7,698.5
KARNATAKA,YADGIR,4.4,3.6,5.2,20.5,36.8,116.8,153.0,161.2,179.8,123.4,24.5,5.3,834.5,8.0,62.5,610.8,153.2,BANGALORE URB,2.3,6.7,8.2,39.2,106.3,73.9,91.6,128.9,181.3,159.7,53.9,18.0,870.0,9.0,153.7,475.7,231.6,870.0
KARNATAKA,YADGIR,4.4,3.6,5.2,20.5,36.8,116.8,153.0,161.2,179.8,123.4,24.5,5.3,834.5,8.0,62.5,610.8,153.2,CHAMARAJANAGA,3.4,6.0,13.2,69.2,131.2,61.8,68.7,66.0,124.1,157.8,62.7,24.3,788.4,9.4,213.6,320.6,244.8,788.4
KARNATAKA,YADGIR,4.4,3.6,5.2,20.5,36.8,116.8,153.0,161.2,179.8,123.4,24.5,5.3,834.5,8.0,62.5,610.8,153.2,DAVANGERE,1.1,0.8,4.2,35.0,74.0,78.7,102.9,87.0,116.3,124.4,44.9,7.4,676.7,1.9,113.2,384.9,176.7,676.7
KARNATAKA,YADGIR,4.4,3.6,5.2,20.5,36.8,116.8,153.0,161.2,179.8,123.4,24.5,5.3,834.5,8.0,62.5,610.8,153.2,RAMNAGAR(BNGR),1.5,4.7,10.2,47.9,122.3,73.1,84.5,108.8,187.6,174.1,54.0,15.0,883.7,6.2,180.4,454.0,243.1,883.7
KARNATAKA,YADGIR,4.4,3.6,5.2,20.5,36.8,116.8,153.0,161.2,179.8,123.4,24.5,5.3,834.5,8.0,62.5,610.8,153.2,CHICKBALLAPUR,2.1,4.6,8.2,27.2,69.4,64.3,89.2,104.9,153.4,156.8,52.9,15.5,748.5,6.7,104.8,411.8,225.2,748.5
KARNATAKA,RAICHUR,1.4,2.0,4.1,17.7,40.5,81.7,110.2,122.2,147.5,110.5,21.4,5.9,665.1,3.4,62.3,461.6,137.8,UTTAR KANNADA,0.3,0.1,2.7,22.1,114.0,740.9,1053.8,667.7,258.5,155.1,44.1,11.2,3070.5,0.4,138.8,2720.9,210.4,3070.5
KARNATAKA,RAICHUR,1.4,2.0,4.1,17.7,40.5,81.7,110.2,122.2,147.5,110.5,21.4,5.9,665.1,3.4,62.3,461.6,137.8,DAKSHIN KANDA,1.9,0.7,6.4,39.8,180.9,977.2,1227.2,833.6,313.6,236.9,82.0,15.6,3915.8,2.6,227.1,3351.6,334.5,3915.8
KARNATAKA,RAICHUR,1.4,2.0,4.1,17.7,40.5,81.7,110.2,122.2,147.5,110.5,21.4,5.9,665.1,3.4,62.3,461.6,137.8,UDUPI,1.4,0.4,4.1,29.4,193.8,1081.0,1371.6,902.2,404.9,223.8,74.6,18.8,4306.0,1.8,227.3,3759.7,317.2,4306.0
KARNATAKA,RAICHUR,1.4,2.0,4.1,17.7,40.5,81.7,110.2,122.2,147.5,110.5,21.4,5.9,665.1,3.4,62.3,461.6,137.8,BELGAM,0.7,0.9,6.2,30.2,74.8,130.4,204.0,126.7,113.0,116.6,30.6,5.1,839.2,1.6,111.2,574.1,152.3,839.2
KARNATAKA,RAICHUR,1.4,2.0,4.1,17.7,40.5,81.7,110.2,122.2,147.5,110.5,21.4,5.9,665.1,3.4,62.3,461.6,137.8,BIDAR,5.9,6.1,10.1,21.7,31.4,137.1,190.7,196.6,170.5,93.5,20.9,6.2,890.7,12.0,63.2,694.9,120.6,890.7
KARNATAKA,RAICHUR,1.4,2.0,4.1,17.7,40.5,81.7,110.2,122.2,147.5,110.5,21.4,5.9,665.1,3.4,62.3,461.6,137.8,BIJAPUR,2.4,2.7,5.2,20.1,46.5,94.5,91.8,91.3,158.4,111.7,24.9,6.9,656.4,5.1,71.8,436.0,143.5,656.4
KARNATAKA,RAICHUR,1.4,2.0,4.1,17.7,40.5,81.7,110.2,122.2,147.5,110.5,21.4,5.9,665.1,3.4,62.3,461.6,137.8,DHARWAD,2.3,3.2,6.9,46.6,82.5,113.8,149.1,101.6,119.5,120.4,39.6,6.2,791.7,5.5,136.0,484.0,166.2,791.7
KARNATAKA,RAICHUR,1.4,2.0,4.1,17.7,40.5,81.7,110.2,122.2,147.5,110.5,21.4,5.9,665.1,3.4,62.3,461.6,137.8,GULBARGA,4.3,2.9,6.2,19.7,36.4,112.8,156.1,167.6,184.0,105.3,20.8,4.5,820.6,7.2,62.3,620.5,130.6,820.6
KARNATAKA,RAICHUR,1.4,2.0,4.1,17.7,40.5,81.7,110.2,122.2,147.5,110.5,21.4,5.9,665.1,3.4,62.3,461.6,137.8,YADGIR,4.4,3.6,5.2,20.5,36.8,116.8,153.0,161.2,179.8,123.4,24.5,5.3,834.5,8.0,62.5,610.8,153.2,834.5
KARNATAKA,RAICHUR,1.4,2.0,4.1,17.7,40.5,81.7,110.2,122.2,147.5,110.5,21.4,5.9,665.1,3.4,62.3,461.6,137.8,RAICHUR,1.4,2.0,4.1,17.7,40.5,81.7,110.2,122.2,147.5,110.5,21.4,5.9,665.1,3.4,62.3,461.6,137.8,665.1
KARNATAKA,RAICHUR,1.4,2.0,4.1,17.7,40.5,81.7,110.2,122.2,147.5,110.5,21.4,5.9,665.1,3.4,62.3,461.6,137.8,BAGALKOTE,1.8,1.5,4.5,23.5,57.3,80.1,73.6,72.5,137.1,112.8,25.3,7.0,597.0,3.3,85.3,363.3,145.1,597.0
KARNATAKA,RAICHUR,1.4,2.0,4.1,17.7,40.5,81.7,110.2,122.2,147.5,110.5,21.4,5.9,665.1,3.4,62.3,461.6,137.8,GADAG,1.2,1.0,3.9,33.5,71.7,85.1,70.4,75.3,137.5,121.1,33.0,7.5,641.2,2.2,109.1,368.3,161.6,641.2
KARNATAKA,RAICHUR,1.4,2.0,4.1,17.7,40.5,81.7,110.2,122.2,147.5,110.5,21.4,5.9,665.1,3.4,62.3,461.6,137.8,HAVERI,0.3,0.5,4.0,43.6,78.5,114.7,169.8,111.1,99.5,119.0,43.9,7.0,791.9,0.8,126.1,495.1,169.9,791.9
KARNATAKA,RAICHUR,1.4,2.0,4.1,17.7,40.5,81.7,110.2,122.2,147.5,110.5,21.4,5.9,665.1,3.4,62.3,461.6,137.8,KOPPAL,1.2,0.4,2.5,19.2,50.5,72.2,75.6,89.1,145.7,108.1,25.8,8.0,598.3,1.6,72.2,382.6,141.9,598.3
KARNATAKA,RAICHUR,1.4,2.0,4.1,17.7,40.5,81.7,110.2,122.2,147.5,110.5,21.4,5.9,665.1,3.4,62.3,461.6,137.8,BANGALORE RUR,1.7,5.8,7.6,36.2,93.1,71.2,91.7,118.1,170.9,171.8,55.4,13.5,837.0,7.5,136.9,451.9,240.7,837.0
KARNATAKA,RAICHUR,1.4,2.0,4.1,17.7,40.5,81.7,110.2,122.2,147.5,110.5,21.4,5.9,665.1,3.4,62.3,461.6,137.8,BELLARY,1.4,1.4,2.9,26.2,57.9,72.4,77.0,89.3,137.3,116.3,31.1,9.6,622.8,2.8,87.0,376.0,157.0,622.8
KARNATAKA,RAICHUR,1.4,2.0,4.1,17.7,40.5,81.7,110.2,122.2,147.5,110.5,21.4,5.9,665.1,3.4,62.3,461.6,137.8,CHIKMAGALUR,1.6,2.0,12.0,60.2,105.9,395.0,662.1,425.0,175.2,167.4,58.8,12.3,2077.5,3.6,178.1,1657.3,238.5,2077.5
KARNATAKA,RAICHUR,1.4,2.0,4.1,17.7,40.5,81.7,110.2,122.2,147.5,110.5,21.4,5.9,665.1,3.4,62.3,461.6,137.8,CHITRADURGA,1.4,1.2,4.4,25.8,64.9,50.5,56.1,58.9,105.5,116.4,33.8,8.8,527.7,2.6,95.1,271.0,159.0,527.7
KARNATAKA,RAICHUR,1.4,2.0,4.1,17.7,40.5,81.7,110.2,122.2,147.5,110.5,21.4,5.9,665.1,3.4,62.3,461.6,137.8,KODAGU,3.5,4.2,18.5,89.8,152.7,542.2,884.4,543.9,211.4,201.7,71.6,17.5,2741.4,7.7,261.0,2181.9,290.8,2741.4
KARNATAKA,RAICHUR,1.4,2.0,4.1,17.7,40.5,81.7,110.2,122.2,147.5,110.5,21.4,5.9,665.1,3.4,62.3,461.6,137.8,HASSAN,1.3,2.5,10.7,55.1,102.2,125.0,203.8,130.0,115.5,156.0,54.1,10.9,967.1,3.8,168.0,574.3,221.0,967.1
KARNATAKA,RAICHUR,1.4,2.0,4.1,17.7,40.5,81.7,110.2,122.2,147.5,110.5,21.4,5.9,665.1,3.4,62.3,461.6,137.8,KOLAR,2.7,4.5,10.4,27.8,74.4,63.3,76.4,91.2,151.8,148.2,58.8,21.6,731.1,7.2,112.6,382.7,228.6,731.1
KARNATAKA,RAICHUR,1.4,2.0,4.1,17.7,40.5,81.7,110.2,122.2,147.5,110.5,21.4,5.9,665.1,3.4,62.3,461.6,137.8,MANDYA,1.9,3.6,7.6,45.3,105.1,48.7,49.3,58.9,128.2,153.1,47.0,14.0,662.7,5.5,158.0,285.1,214.1,662.7
KARNATAKA,RAICHUR,1.4,2.0,4.1,17.7,40.5,81.7,110.2,122.2,147.5,110.5,21.4,5.9,665.1,3.4,62.3,461.6,137.8,MYSORE,2.5,3.5,11.4,58.7,124.6,79.7,92.4,64.8,106.7,152.4,48.8,13.1,758.6,6.0,194.7,343.6,214.3,758.6
KARNATAKA,RAICHUR,1.4,2.0,4.1,17.7,40.5,81.7,110.2,122.2,147.5,110.5,21.4,5.9,665.1,3.4,62.3,461.6,137.8,SHIMOGA,0.5,0.4,6.3,38.0,78.3,346.8,624.3,403.8,139.1,137.5,44.6,8.3,1827.9,0.9,122.6,1514.0,190.4,1827.9
KARNATAKA,RAICHUR,1.4,2.0,4.1,17.7,40.5,81.7,110.2,122.2,147.5,110.5,21.4,5.9,665.1,3.4,62.3,461.6,137.8,TUMKUR,2.4,3.0,7.1,34.0,87.1,61.5,69.7,79.5,148.5,148.9,46.7,10.1,698.5,5.4,128.2,359.2,205.7,698.5
KARNATAKA,RAICHUR,1.4,2.0,4.1,17.7,40.5,81.7,110.2,122.2,147.5,110.5,21.4,5.9,665.1,3.4,62.3,461.6,137.8,BANGALORE URB,2.3,6.7,8.2,39.2,106.3,73.9,91.6,128.9,181.3,159.7,53.9,18.0,870.0,9.0,153.7,475.7,231.6,870.0
KARNATAKA,RAICHUR,1.4,2.0,4.1,17.7,40.5,81.7,110.2,122.2,147.5,110.5,21.4,5.9,665.1,3.4,62.3,461.6,137.8,CHAMARAJANAGA,3.4,6.0,13.2,69.2,131.2,61.8,68.7,66.0,124.1,157.8,62.7,24.3,788.4,9.4,213.6,320.6,244.8,788.4
KARNATAKA,RAICHUR,1.4,2.0,4.1,17.7,40.5,81.7,110.2,122.2,147.5,110.5,21.4,5.9,665.1,3.4,62.3,461.6,137.8,DAVANGERE,1.1,0.8,4.2,35.0,74.0,78.7,102.9,87.0,116.3,124.4,44.9,7.4,676.7,1.9,113.2,384.9,176.7,676.7
KARNATAKA,RAICHUR,1.4,2.0,4.1,17.7,40.5,81.7,110.2,122.2,147.5,110.5,21.4,5.9,665.1,3.4,62.3,461.6,137.8,RAMNAGAR(BNGR),1.5,4.7,10.2,47.9,122.3,73.1,84.5,108.8,187.6,174.1,54.0,15.0,883.7,6.2,180.4,454.0,243.1,883.7
KARNATAKA,RAICHUR,1.4,2.0,4.1,17.7,40.5,81.7,110.2,122.2,147.5,110.5,21.4,5.9,665.1,3.4,62.3,461.6,137.8,CHICKBALLAPUR,2.1,4.6,8.2,27.2,69.4,64.3,89.2,104.9,153.4,156.8,52.9,15.5,748.5,6.7,104.8,411.8,225.2,748.5
KARNATAKA,BAGALKOTE,1.8,1.5,4.5,23.5,57.3,80.1,73.6,72.5,137.1,112.8,25.3,7.0,597.0,3.3,85.3,363.3,145.1,UTTAR KANNADA,0.3,0.1,2.7,22.1,114.0,740.9,1053.8,667.7,258.5,155.1,44.1,11.2,3070.5,0.4,138.8,2720.9,210.4,3070.5
KARNATAKA,BAGALKOTE,1.8,1.5,4.5,23.5,57.3,80.1,73.6,72.5,137.1,112.8,25.3,7.0,597.0,3.3,85.3,363.3,145.1,DAKSHIN KANDA,1.9,0.7,6.4,39.8,180.9,977.2,1227.2,833.6,313.6,236.9,82.0,15.6,3915.8,2.6,227.1,3351.6,334.5,3915.8
KARNATAKA,BAGALKOTE,1.8,1.5,4.5,23.5,57.3,80.1,73.6,72.5,137.1,112.8,25.3,7.0,597.0,3.3,85.3,363.3,145.1,UDUPI,1.4,0.4,4.1,29.4,193.8,1081.0,1371.6,902.2,404.9,223.8,74.6,18.8,4306.0,1.8,227.3,3759.7,317.2,4306.0
KARNATAKA,BAGALKOTE,1.8,1.5,4.5,23.5,57.3,80.1,73.6,72.5,137.1,112.8,25.3,7.0,597.0,3.3,85.3,363.3,145.1,BELGAM,0.7,0.9,6.2,30.2,74.8,130.4,204.0,126.7,113.0,116.6,30.6,5.1,839.2,1.6,111.2,574.1,152.3,839.2
KARNATAKA,BAGALKOTE,1.8,1.5,4.5,23.5,57.3,80.1,73.6,72.5,137.1,112.8,25.3,7.0,597.0,3.3,85.3,363.3,145.1,BIDAR,5.9,6.1,10.1,21.7,31.4,137.1,190.7,196.6,170.5,93.5,20.9,6.2,890.7,12.0,63.2,694.9,120.6,890.7
KARNATAKA,BAGALKOTE,1.8,1.5,4.5,23.5,57.3,80.1,73.6,72.5,137.1,112.8,25.3,7.0,597.0,3.3,85.3,363.3,145.1,BIJAPUR,2.4,2.7,5.2,20.1,46.5,94.5,91.8,91.3,158.4,111.7,24.9,6.9,656.4,5.1,71.8,436.0,143.5,656.4
KARNATAKA,BAGALKOTE,1.8,1.5,4.5,23.5,57.3,80.1,73.6,72.5,137.1,112.8,25.3,7.0,597.0,3.3,85.3,363.3,145.1,DHARWAD,2.3,3.2,6.9,46.6,82.5,113.8,149.1,101.6,119.5,120.4,39.6,6.2,791.7,5.5,136.0,484.0,166.2,791.7
KARNATAKA,BAGALKOTE,1.8,1.5,4.5,23.5,57.3,80.1,73.6,72.5,137.1,112.8,25.3,7.0,597.0,3.3,85.3,363.3,145.1,GULBARGA,4.3,2.9,6.2,19.7,36.4,112.8,156.1,167.6,184.0,105.3,20.8,4.5,820.6,7.2,62.3,620.5,130.6,820.6
KARNATAKA,BAGALKOTE,1.8,1.5,4.5,23.5,57.3,80.1,73.6,72.5,137.1,112.8,25.3,7.0,597.0,3.3,85.3,363.3,145.1,YADGIR,4.4,3.6,5.2,20.5,36.8,116.8,153.0,161.2,179.8,123.4,24.5,5.3,834.5,8.0,62.5,610.8,153.2,834.5
KARNATAKA,BAGALKOTE,1.8,1.5,4.5,23.5,57.3,80.1,73.6,72.5,137.1,112.8,25.3,7.0,597.0,3.3,85.3,363.3,145.1,RAICHUR,1.4,2.0,4.1,17.7,40.5,81.7,110.2,122.2,147.5,110.5,21.4,5.9,665.1,3.4,62.3,461.6,137.8,665.1
KARNATAKA,BAGALKOTE,1.8,1.5,4.5,23.5,57.3,80.1,73.6,72.5,137.1,112.8,25.3,7.0,597.0,3.3,85.3,363.3,145.1,BAGALKOTE,1.8,1.5,4.5,23.5,57.3,80.1,73.6,72.5,137.1,112.8,25.3,7.0,597.0,3.3,85.3,363.3,145.1,597.0
KARNATAKA,BAGALKOTE,1.8,1.5,4.5,23.5,57.3,80.1,73.6,72.5,137.1,112.8,25.3,7.0,597.0,3.3,85.3,363.3,145.1,GADAG,1.2,1.0,3.9,33.5,71.7,85.1,70.4,75.3,137.5,121.1,33.0,7.5,641.2,2.2,109.1,368.3,161.6,641.2
KARNATAKA,BAGALKOTE,1.8,1.5,4.5,23.5,57.3,80.1,73.6,72.5,137.1,112.8,25.3,7.0,597.0,3.3,85.3,363.3,145.1,HAVERI,0.3,0.5,4.0,43.6,78.5,114.7,169.8,111.1,99.5,119.0,43.9,7.0,791.9,0.8,126.1,495.1,169.9,791.9
KARNATAKA,BAGALKOTE,1.8,1.5,4.5,23.5,57.3,80.1,73.6,72.5,137.1,112.8,25.3,7.0,597.0,3.3,85.3,363.3,145.1,KOPPAL,1.2,0.4,2.5,19.2,50.5,72.2,75.6,89.1,145.7,108.1,25.8,8.0,598.3,1.6,72.2,382.6,141.9,598.3
KARNATAKA,BAGALKOTE,1.8,1.5,4.5,23.5,57.3,80.1,73.6,72.5,137.1,112.8,25.3,7.0,597.0,3.3,85.3,363.3,145.1,BANGALORE RUR,1.7,5.8,7.6,36.2,93.1,71.2,91.7,118.1,170.9,171.8,55.4,13.5,837.0,7.5,136.9,451.9,240.7,837.0
KARNATAKA,BAGALKOTE,1.8,1.5,4.5,23.5,57.3,80.1,73.6,72.5,137.1,112.8,25.3,7.0,597.0,3.3,85.3,363.3,145.1,BELLARY,1.4,1.4,2.9,26.2,57.9,72.4,77.0,89.3,137.3,116.3,31.1,9.6,622.8,2.8,87.0,376.0,157.0,622.8
KARNATAKA,BAGALKOTE,1.8,1.5,4.5,23.5,57.3,80.1,73.6,72.5,137.1,112.8,25.3,7.0,597.0,3.3,85.3,363.3,145.1,CHIKMAGALUR,1.6,2.0,12.0,60.2,105.9,395.0,662.1,425.0,175.2,167.4,58.8,12.3,2077.5,3.6,178.1,1657.3,238.5,2077.5
KARNATAKA,BAGALKOTE,1.8,1.5,4.5,23.5,57.3,80.1,73.6,72.5,137.1,112.8,25.3,7.0,597.0,3.3,85.3,363.3,145.1,CHITRADURGA,1.4,1.2,4.4,25.8,64.9,50.5,56.1,58.9,105.5,116.4,33.8,8.8,527.7,2.6,95.1,271.0,159.0,527.7
KARNATAKA,BAGALKOTE,1.8,1.5,4.5,23.5,57.3,80.1,73.6,72.5,137.1,112.8,25.3,7.0,597.0,3.3,85.3,363.3,145.1,KODAGU,3.5,4.2,18.5,89.8,152.7,542.2,884.4,543.9,211.4,201.7,71.6,17.5,2741.4,7.7,261.0,2181.9,290.8,2741.4
KARNATAKA,BAGALKOTE,1.8,1.5,4.5,23.5,57.3,80.1,73.6,72.5,137.1,112.8,25.3,7.0,597.0,3.3,85.3,363.3,145.1,HASSAN,1.3,2.5,10.7,55.1,102.2,125.0,203.8,130.0,115.5,156.0,54.1,10.9,967.1,3.8,168.0,574.3,221.0,967.1
KARNATAKA,BAGALKOTE,1.8,1.5,4.5,23.5,57.3,80.1,73.6,72.5,137.1,112.8,25.3,7.0,597.0,3.3,85.3,363.3,145.1,KOLAR,2.7,4.5,10.4,27.8,74.4,63.3,76.4,91.2,151.8,148.2,58.8,21.6,731.1,7.2,112.6,382.7,228.6,731.1
KARNATAKA,BAGALKOTE,1.8,1.5,4.5,23.5,57.3,80.1,73.6,72.5,137.1,112.8,25.3,7.0,597.0,3.3,85.3,363.3,145.1,MANDYA,1.9,3.6,7.6,45.3,105.1,48.7,49.3,58.9,128.2,153.1,47.0,14.0,662.7,5.5,158.0,285.1,214.1,662.7
KARNATAKA,BAGALKOTE,1.8,1.5,4.5,23.5,57.3,80.1,73.6,72.5,137.1,112.8,25.3,7.0,597.0,3.3,85.3,363.3,145.1,MYSORE,2.5,3.5,11.4,58.7,124.6,79.7,92.4,64.8,106.7,152.4,48.8,13.1,758.6,6.0,194.7,343.6,214.3,758.6
KARNATAKA,BAGALKOTE,1.8,1.5,4.5,23.5,57.3,80.1,73.6,72.5,137.1,112.8,25.3,7.0,597.0,3.3,85.3,363.3,145.1,SHIMOGA,0.5,0.4,6.3,38.0,78.3,346.8,624.3,403.8,139.1,137.5,44.6,8.3,1827.9,0.9,122.6,1514.0,190.4,1827.9
KARNATAKA,BAGALKOTE,1.8,1.5,4.5,23.5,57.3,80.1,73.6,72.5,137.1,112.8,25.3,7.0,597.0,3.3,85.3,363.3,145.1,TUMKUR,2.4,3.0,7.1,34.0,87.1,61.5,69.7,79.5,148.5,148.9,46.7,10.1,698.5,5.4,128.2,359.2,205.7,698.5
KARNATAKA,BAGALKOTE,1.8,1.5,4.5,23.5,57.3,80.1,73.6,72.5,137.1,112.8,25.3,7.0,597.0,3.3,85.3,363.3,145.1,BANGALORE URB,2.3,6.7,8.2,39.2,106.3,73.9,91.6,128.9,181.3,159.7,53.9,18.0,870.0,9.0,153.7,475.7,231.6,870.0
KARNATAKA,BAGALKOTE,1.8,1.5,4.5,23.5,57.3,80.1,73.6,72.5,137.1,112.8,25.3,7.0,597.0,3.3,85.3,363.3,145.1,CHAMARAJANAGA,3.4,6.0,13.2,69.2,131.2,61.8,68.7,66.0,124.1,157.8,62.7,24.3,788.4,9.4,213.6,320.6,244.8,788.4
KARNATAKA,BAGALKOTE,1.8,1.5,4.5,23.5,57.3,80.1,73.6,72.5,137.1,112.8,25.3,7.0,597.0,3.3,85.3,363.3,145.1,DAVANGERE,1.1,0.8,4.2,35.0,74.0,78.7,102.9,87.0,116.3,124.4,44.9,7.4,676.7,1.9,113.2,384.9,176.7,676.7
KARNATAKA,BAGALKOTE,1.8,1.5,4.5,23.5,57.3,80.1,73.6,72.5,137.1,112.8,25.3,7.0,597.0,3.3,85.3,363.3,145.1,RAMNAGAR(BNGR),1.5,4.7,10.2,47.9,122.3,73.1,84.5,108.8,187.6,174.1,54.0,15.0,883.7,6.2,180.4,454.0,243.1,883.7
KARNATAKA,BAGALKOTE,1.8,1.5,4.5,23.5,57.3,80.1,73.6,72.5,137.1,112.8,25.3,7.0,597.0,3.3,85.3,363.3,145.1,CHICKBALLAPUR,2.1,4.6,8.2,27.2,69.4,64.3,89.2,104.9,153.4,156.8,52.9,15.5,748.5,6.7,104.8,411.8,225.2,748.5
KARNATAKA,GADAG,1.2,1.0,3.9,33.5,71.7,85.1,70.4,75.3,137.5,121.1,33.0,7.5,641.2,2.2,109.1,368.3,161.6,UTTAR KANNADA,0.3,0.1,2.7,22.1,114.0,740.9,1053.8,667.7,258.5,155.1,44.1,11.2,3070.5,0.4,138.8,2720.9,210.4,3070.5
KARNATAKA,GADAG,1.2,1.0,3.9,33.5,71.7,85.1,70.4,75.3,137.5,121.1,33.0,7.5,641.2,2.2,109.1,368.3,161.6,DAKSHIN KANDA,1.9,0.7,6.4,39.8,180.9,977.2,1227.2,833.6,313.6,236.9,82.0,15.6,3915.8,2.6,227.1,3351.6,334.5,3915.8
KARNATAKA,GADAG,1.2,1.0,3.9,33.5,71.7,85.1,70.4,75.3,137.5,121.1,33.0,7.5,641.2,2.2,109.1,368.3,161.6,UDUPI,1.4,0.4,4.1,29.4,193.8,1081.0,1371.6,902.2,404.9,223.8,74.6,18.8,4306.0,1.8,227.3,3759.7,317.2,4306.0
KARNATAKA,GADAG,1.2,1.0,3.9,33.5,71.7,85.1,70.4,75.3,137.5,121.1,33.0,7.5,641.2,2.2,109.1,368.3,161.6,BELGAM,0.7,0.9,6.2,30.2,74.8,130.4,204.0,126.7,113.0,116.6,30.6,5.1,839.2,1.6,111.2,574.1,152.3,839.2
KARNATAKA,GADAG,1.2,1.0,3.9,33.5,71.7,85.1,70.4,75.3,137.5,121.1,33.0,7.5,641.2,2.2,109.1,368.3,161.6,BIDAR,5.9,6.1,10.1,21.7,31.4,137.1,190.7,196.6,170.5,93.5,20.9,6.2,890.7,12.0,63.2,694.9,120.6,890.7
KARNATAKA,GADAG,1.2,1.0,3.9,33.5,71.7,85.1,70.4,75.3,137.5,121.1,33.0,7.5,641.2,2.2,109.1,368.3,161.6,BIJAPUR,2.4,2.7,5.2,20.1,46.5,94.5,91.8,91.3,158.4,111.7,24.9,6.9,656.4,5.1,71.8,436.0,143.5,656.4
KARNATAKA,GADAG,1.2,1.0,3.9,33.5,71.7,85.1,70.4,75.3,137.5,121.1,33.0,7.5,641.2,2.2,109.1,368.3,161.6,DHARWAD,2.3,3.2,6.9,46.6,82.5,113.8,149.1,101.6,119.5,120.4,39.6,6.2,791.7,5.5,136.0,484.0,166.2,791.7
KARNATAKA,GADAG,1.2,1.0,3.9,33.5,71.7,85.1,70.4,75.3,137.5,121.1,33.0,7.5,641.2,2.2,109.1,368.3,161.6,GULBARGA,4.3,2.9,6.2,19.7,36.4,112.8,156.1,167.6,184.0,105.3,20.8,4.5,820.6,7.2,62.3,620.5,130.6,820.6
KARNATAKA,GADAG,1.2,1.0,3.9,33.5,71.7,85.1,70.4,75.3,137.5,121.1,33.0,7.5,641.2,2.2,109.1,368.3,161.6,YADGIR,4.4,3.6,5.2,20.5,36.8,116.8,153.0,161.2,179.8,123.4,24.5,5.3,834.5,8.0,62.5,610.8,153.2,834.5
KARNATAKA,GADAG,1.2,1.0,3.9,33.5,71.7,85.1,70.4,75.3,137.5,121.1,33.0,7.5,641.2,2.2,109.1,368.3,161.6,RAICHUR,1.4,2.0,4.1,17.7,40.5,81.7,110.2,122.2,147.5,110.5,21.4,5.9,665.1,3.4,62.3,461.6,137.8,665.1
KARNATAKA,GADAG,1.2,1.0,3.9,33.5,71.7,85.1,70.4,75.3,137.5,121.1,33.0,7.5,641.2,2.2,109.1,368.3,161.6,BAGALKOTE,1.8,1.5,4.5,23.5,57.3,80.1,73.6,72.5,137.1,112.8,25.3,7.0,597.0,3.3,85.3,363.3,145.1,597.0
KARNATAKA,GADAG,1.2,1.0,3.9,33.5,71.7,85.1,70.4,75.3,137.5,121.1,33.0,7.5,641.2,2.2,109.1,368.3,161.6,GADAG,1.2,1.0,3.9,33.5,71.7,85.1,70.4,75.3,137.5,121.1,33.0,7.5,641.2,2.2,109.1,368.3,161.6,641.2
KARNATAKA,GADAG,1.2,1.0,3.9,33.5,71.7,85.1,70.4,75.3,137.5,121.1,33.0,7.5,641.2,2.2,109.1,368.3,161.6,HAVERI,0.3,0.5,4.0,43.6,78.5,114.7,169.8,111.1,99.5,119.0,43.9,7.0,791.9,0.8,126.1,495.1,169.9,791.9
KARNATAKA,GADAG,1.2,1.0,3.9,33.5,71.7,85.1,70.4,75.3,137.5,121.1,33.0,7.5,641.2,2.2,109.1,368.3,161.6,KOPPAL,1.2,0.4,2.5,19.2,50.5,72.2,75.6,89.1,145.7,108.1,25.8,8.0,598.3,1.6,72.2,382.6,141.9,598.3
KARNATAKA,GADAG,1.2,1.0,3.9,33.5,71.7,85.1,70.4,75.3,137.5,121.1,33.0,7.5,641.2,2.2,109.1,368.3,161.6,BANGALORE RUR,1.7,5.8,7.6,36.2,93.1,71.2,91.7,118.1,170.9,171.8,55.4,13.5,837.0,7.5,136.9,451.9,240.7,837.0
KARNATAKA,GADAG,1.2,1.0,3.9,33.5,71.7,85.1,70.4,75.3,137.5,121.1,33.0,7.5,641.2,2.2,109.1,368.3,161.6,BELLARY,1.4,1.4,2.9,26.2,57.9,72.4,77.0,89.3,137.3,116.3,31.1,9.6,622.8,2.8,87.0,376.0,157.0,622.8
KARNATAKA,GADAG,1.2,1.0,3.9,33.5,71.7,85.1,70.4,75.3,137.5,121.1,33.0,7.5,641.2,2.2,109.1,368.3,161.6,CHIKMAGALUR,1.6,2.0,12.0,60.2,105.9,395.0,662.1,425.0,175.2,167.4,58.8,12.3,2077.5,3.6,178.1,1657.3,238.5,2077.5
KARNATAKA,GADAG,1.2,1.0,3.9,33.5,71.7,85.1,70.4,75.3,137.5,121.1,33.0,7.5,641.2,2.2,109.1,368.3,161.6,CHITRADURGA,1.4,1.2,4.4,25.8,64.9,50.5,56.1,58.9,105.5,116.4,33.8,8.8,527.7,2.6,95.1,271.0,159.0,527.7
KARNATAKA,GADAG,1.2,1.0,3.9,33.5,71.7,85.1,70.4,75.3,137.5,121.1,33.0,7.5,641.2,2.2,109.1,368.3,161.6,KODAGU,3.5,4.2,18.5,89.8,152.7,542.2,884.4,543.9,211.4,201.7,71.6,17.5,2741.4,7.7,261.0,2181.9,290.8,2741.4
KARNATAKA,GADAG,1.2,1.0,3.9,33.5,71.7,85.1,70.4,75.3,137.5,121.1,33.0,7.5,641.2,2.2,109.1,368.3,161.6,HASSAN,1.3,2.5,10.7,55.1,102.2,125.0,203.8,130.0,115.5,156.0,54.1,10.9,967.1,3.8,168.0,574.3,221.0,967.1
KARNATAKA,GADAG,1.2,1.0,3.9,33.5,71.7,85.1,70.4,75.3,137.5,121.1,33.0,7.5,641.2,2.2,109.1,368.3,161.6,KOLAR,2.7,4.5,10.4,27.8,74.4,63.3,76.4,91.2,151.8,148.2,58.8,21.6,731.1,7.2,112.6,382.7,228.6,731.1
KARNATAKA,GADAG,1.2,1.0,3.9,33.5,71.7,85.1,70.4,75.3,137.5,121.1,33.0,7.5,641.2,2.2,109.1,368.3,161.6,MANDYA,1.9,3.6,7.6,45.3,105.1,48.7,49.3,58.9,128.2,153.1,47.0,14.0,662.7,5.5,158.0,285.1,214.1,662.7
KARNATAKA,GADAG,1.2,1.0,3.9,33.5,71.7,85.1,70.4,75.3,137.5,121.1,33.0,7.5,641.2,2.2,109.1,368.3,161.6,MYSORE,2.5,3.5,11.4,58.7,124.6,79.7,92.4,64.8,106.7,152.4,48.8,13.1,758.6,6.0,194.7,343.6,214.3,758.6
KARNATAKA,GADAG,1.2,1.0,3.9,33.5,71.7,85.1,70.4,75.3,137.5,121.1,33.0,7.5,641.2,2.2,109.1,368.3,161.6,SHIMOGA,0.5,0.4,6.3,38.0,78.3,346.8,624.3,403.8,139.1,137.5,44.6,8.3,1827.9,0.9,122.6,1514.0,190.4,1827.9
KARNATAKA,GADAG,1.2,1.0,3.9,33.5,71.7,85.1,70.4,75.3,137.5,121.1,33.0,7.5,641.2,2.2,109.1,368.3,161.6,TUMKUR,2.4,3.0,7.1,34.0,87.1,61.5,69.7,79.5,148.5,148.9,46.7,10.1,698.5,5.4,128.2,359.2,205.7,698.5
KARNATAKA,GADAG,1.2,1.0,3.9,33.5,71.7,85.1,70.4,75.3,137.5,121.1,33.0,7.5,641.2,2.2,109.1,368.3,161.6,BANGALORE URB,2.3,6.7,8.2,39.2,106.3,73.9,91.6,128.9,181.3,159.7,53.9,18.0,870.0,9.0,153.7,475.7,231.6,870.0
KARNATAKA,GADAG,1.2,1.0,3.9,33.5,71.7,85.1,70.4,75.3,137.5,121.1,33.0,7.5,641.2,2.2,109.1,368.3,161.6,CHAMARAJANAGA,3.4,6.0,13.2,69.2,131.2,61.8,68.7,66.0,124.1,157.8,62.7,24.3,788.4,9.4,213.6,320.6,244.8,788.4
KARNATAKA,GADAG,1.2,1.0,3.9,33.5,71.7,85.1,70.4,75.3,137.5,121.1,33.0,7.5,641.2,2.2,109.1,368.3,161.6,DAVANGERE,1.1,0.8,4.2,35.0,74.0,78.7,102.9,87.0,116.3,124.4,44.9,7.4,676.7,1.9,113.2,384.9,176.7,676.7
KARNATAKA,GADAG,1.2,1.0,3.9,33.5,71.7,85.1,70.4,75.3,137.5,121.1,33.0,7.5,641.2,2.2,109.1,368.3,161.6,RAMNAGAR(BNGR),1.5,4.7,10.2,47.9,122.3,73.1,84.5,108.8,187.6,174.1,54.0,15.0,883.7,6.2,180.4,454.0,243.1,883.7
KARNATAKA,GADAG,1.2,1.0,3.9,33.5,71.7,85.1,70.4,75.3,137.5,121.1,33.0,7.5,641.2,2.2,109.1,368.3,161.6,CHICKBALLAPUR,2.1,4.6,8.2,27.2,69.4,64.3,89.2,104.9,153.4,156.8,52.9,15.5,748.5,6.7,104.8,411.8,225.2,748.5
KARNATAKA,HAVERI,0.3,0.5,4.0,43.6,78.5,114.7,169.8,111.1,99.5,119.0,43.9,7.0,791.9,0.8,126.1,495.1,169.9,UTTAR KANNADA,0.3,0.1,2.7,22.1,114.0,740.9,1053.8,667.7,258.5,155.1,44.1,11.2,3070.5,0.4,138.8,2720.9,210.4,3070.5
KARNATAKA,HAVERI,0.3,0.5,4.0,43.6,78.5,114.7,169.8,111.1,99.5,119.0,43.9,7.0,791.9,0.8,126.1,495.1,169.9,DAKSHIN KANDA,1.9,0.7,6.4,39.8,180.9,977.2,1227.2,833.6,313.6,236.9,82.0,15.6,3915.8,2.6,227.1,3351.6,334.5,3915.8
KARNATAKA,HAVERI,0.3,0.5,4.0,43.6,78.5,114.7,169.8,111.1,99.5,119.0,43.9,7.0,791.9,0.8,126.1,495.1,169.9,UDUPI,1.4,0.4,4.1,29.4,193.8,1081.0,1371.6,902.2,404.9,223.8,74.6,18.8,4306.0,1.8,227.3,3759.7,317.2,4306.0
KARNATAKA,HAVERI,0.3,0.5,4.0,43.6,78.5,114.7,169.8,111.1,99.5,119.0,43.9,7.0,791.9,0.8,126.1,495.1,169.9,BELGAM,0.7,0.9,6.2,30.2,74.8,130.4,204.0,126.7,113.0,116.6,30.6,5.1,839.2,1.6,111.2,574.1,152.3,839.2
KARNATAKA,HAVERI,0.3,0.5,4.0,43.6,78.5,114.7,169.8,111.1,99.5,119.0,43.9,7.0,791.9,0.8,126.1,495.1,169.9,BIDAR,5.9,6.1,10.1,21.7,31.4,137.1,190.7,196.6,170.5,93.5,20.9,6.2,890.7,12.0,63.2,694.9,120.6,890.7
KARNATAKA,HAVERI,0.3,0.5,4.0,43.6,78.5,114.7,169.8,111.1,99.5,119.0,43.9,7.0,791.9,0.8,126.1,495.1,169.9,BIJAPUR,2.4,2.7,5.2,20.1,46.5,94.5,91.8,91.3,158.4,111.7,24.9,6.9,656.4,5.1,71.8,436.0,143.5,656.4
KARNATAKA,HAVERI,0.3,0.5,4.0,43.6,78.5,114.7,169.8,111.1,99.5,119.0,43.9,7.0,791.9,0.8,126.1,495.1,169.9,DHARWAD,2.3,3.2,6.9,46.6,82.5,113.8,149.1,101.6,119.5,120.4,39.6,6.2,791.7,5.5,136.0,484.0,166.2,791.7
KARNATAKA,HAVERI,0.3,0.5,4.0,43.6,78.5,114.7,169.8,111.1,99.5,119.0,43.9,7.0,791.9,0.8,126.1,495.1,169.9,GULBARGA,4.3,2.9,6.2,19.7,36.4,112.8,156.1,167.6,184.0,105.3,20.8,4.5,820.6,7.2,62.3,620.5,130.6,820.6
KARNATAKA,HAVERI,0.3,0.5,4.0,43.6,78.5,114.7,169.8,111.1,99.5,119.0,43.9,7.0,791.9,0.8,126.1,495.1,169.9,YADGIR,4.4,3.6,5.2,20.5,36.8,116.8,153.0,161.2,179.8,123.4,24.5,5.3,834.5,8.0,62.5,610.8,153.2,834.5
KARNATAKA,HAVERI,0.3,0.5,4.0,43.6,78.5,114.7,169.8,111.1,99.5,119.0,43.9,7.0,791.9,0.8,126.1,495.1,169.9,RAICHUR,1.4,2.0,4.1,17.7,40.5,81.7,110.2,122.2,147.5,110.5,21.4,5.9,665.1,3.4,62.3,461.6,137.8,665.1
KARNATAKA,HAVERI,0.3,0.5,4.0,43.6,78.5,114.7,169.8,111.1,99.5,119.0,43.9,7.0,791.9,0.8,126.1,495.1,169.9,BAGALKOTE,1.8,1.5,4.5,23.5,57.3,80.1,73.6,72.5,137.1,112.8,25.3,7.0,597.0,3.3,85.3,363.3,145.1,597.0
KARNATAKA,HAVERI,0.3,0.5,4.0,43.6,78.5,114.7,169.8,111.1,99.5,119.0,43.9,7.0,791.9,0.8,126.1,495.1,169.9,GADAG,1.2,1.0,3.9,33.5,71.7,85.1,70.4,75.3,137.5,121.1,33.0,7.5,641.2,2.2,109.1,368.3,161.6,641.2
KARNATAKA,HAVERI,0.3,0.5,4.0,43.6,78.5,114.7,169.8,111.1,99.5,119.0,43.9,7.0,791.9,0.8,126.1,495.1,169.9,HAVERI,0.3,0.5,4.0,43.6,78.5,114.7,169.8,111.1,99.5,119.0,43.9,7.0,791.9,0.8,126.1,495.1,169.9,791.9
KARNATAKA,HAVERI,0.3,0.5,4.0,43.6,78.5,114.7,169.8,111.1,99.5,119.0,43.9,7.0,791.9,0.8,126.1,495.1,169.9,KOPPAL,1.2,0.4,2.5,19.2,50.5,72.2,75.6,89.1,145.7,108.1,25.8,8.0,598.3,1.6,72.2,382.6,141.9,598.3
KARNATAKA,HAVERI,0.3,0.5,4.0,43.6,78.5,114.7,169.8,111.1,99.5,119.0,43.9,7.0,791.9,0.8,126.1,495.1,169.9,BANGALORE RUR,1.7,5.8,7.6,36.2,93.1,71.2,91.7,118.1,170.9,171.8,55.4,13.5,837.0,7.5,136.9,451.9,240.7,837.0
KARNATAKA,HAVERI,0.3,0.5,4.0,43.6,78.5,114.7,169.8,111.1,99.5,119.0,43.9,7.0,791.9,0.8,126.1,495.1,169.9,BELLARY,1.4,1.4,2.9,26.2,57.9,72.4,77.0,89.3,137.3,116.3,31.1,9.6,622.8,2.8,87.0,376.0,157.0,622.8
KARNATAKA,HAVERI,0.3,0.5,4.0,43.6,78.5,114.7,169.8,111.1,99.5,119.0,43.9,7.0,791.9,0.8,126.1,495.1,169.9,CHIKMAGALUR,1.6,2.0,12.0,60.2,105.9,395.0,662.1,425.0,175.2,167.4,58.8,12.3,2077.5,3.6,178.1,1657.3,238.5,2077.5
KARNATAKA,HAVERI,0.3,0.5,4.0,43.6,78.5,114.7,169.8,111.1,99.5,119.0,43.9,7.0,791.9,0.8,126.1,495.1,169.9,CHITRADURGA,1.4,1.2,4.4,25.8,64.9,50.5,56.1,58.9,105.5,116.4,33.8,8.8,527.7,2.6,95.1,271.0,159.0,527.7
KARNATAKA,HAVERI,0.3,0.5,4.0,43.6,78.5,114.7,169.8,111.1,99.5,119.0,43.9,7.0,791.9,0.8,126.1,495.1,169.9,KODAGU,3.5,4.2,18.5,89.8,152.7,542.2,884.4,543.9,211.4,201.7,71.6,17.5,2741.4,7.7,261.0,2181.9,290.8,2741.4
KARNATAKA,HAVERI,0.3,0.5,4.0,43.6,78.5,114.7,169.8,111.1,99.5,119.0,43.9,7.0,791.9,0.8,126.1,495.1,169.9,HASSAN,1.3,2.5,10.7,55.1,102.2,125.0,203.8,130.0,115.5,156.0,54.1,10.9,967.1,3.8,168.0,574.3,221.0,967.1
KARNATAKA,HAVERI,0.3,0.5,4.0,43.6,78.5,114.7,169.8,111.1,99.5,119.0,43.9,7.0,791.9,0.8,126.1,495.1,169.9,KOLAR,2.7,4.5,10.4,27.8,74.4,63.3,76.4,91.2,151.8,148.2,58.8,21.6,731.1,7.2,112.6,382.7,228.6,731.1
KARNATAKA,HAVERI,0.3,0.5,4.0,43.6,78.5,114.7,169.8,111.1,99.5,119.0,43.9,7.0,791.9,0.8,126.1,495.1,169.9,MANDYA,1.9,3.6,7.6,45.3,105.1,48.7,49.3,58.9,128.2,153.1,47.0,14.0,662.7,5.5,158.0,285.1,214.1,662.7
KARNATAKA,HAVERI,0.3,0.5,4.0,43.6,78.5,114.7,169.8,111.1,99.5,119.0,43.9,7.0,791.9,0.8,126.1,495.1,169.9,MYSORE,2.5,3.5,11.4,58.7,124.6,79.7,92.4,64.8,106.7,152.4,48.8,13.1,758.6,6.0,194.7,343.6,214.3,758.6
KARNATAKA,HAVERI,0.3,0.5,4.0,43.6,78.5,114.7,169.8,111.1,99.5,119.0,43.9,7.0,791.9,0.8,126.1,495.1,169.9,SHIMOGA,0.5,0.4,6.3,38.0,78.3,346.8,624.3,403.8,139.1,137.5,44.6,8.3,1827.9,0.9,122.6,1514.0,190.4,1827.9
KARNATAKA,HAVERI,0.3,0.5,4.0,43.6,78.5,114.7,169.8,111.1,99.5,119.0,43.9,7.0,791.9,0.8,126.1,495.1,169.9,TUMKUR,2.4,3.0,7.1,34.0,87.1,61.5,69.7,79.5,148.5,148.9,46.7,10.1,698.5,5.4,128.2,359.2,205.7,698.5
KARNATAKA,HAVERI,0.3,0.5,4.0,43.6,78.5,114.7,169.8,111.1,99.5,119.0,43.9,7.0,791.9,0.8,126.1,495.1,169.9,BANGALORE URB,2.3,6.7,8.2,39.2,106.3,73.9,91.6,128.9,181.3,159.7,53.9,18.0,870.0,9.0,153.7,475.7,231.6,870.0
KARNATAKA,HAVERI,0.3,0.5,4.0,43.6,78.5,114.7,169.8,111.1,99.5,119.0,43.9,7.0,791.9,0.8,126.1,495.1,169.9,CHAMARAJANAGA,3.4,6.0,13.2,69.2,131.2,61.8,68.7,66.0,124.1,157.8,62.7,24.3,788.4,9.4,213.6,320.6,244.8,788.4
KARNATAKA,HAVERI,0.3,0.5,4.0,43.6,78.5,114.7,169.8,111.1,99.5,119.0,43.9,7.0,791.9,0.8,126.1,495.1,169.9,DAVANGERE,1.1,0.8,4.2,35.0,74.0,78.7,102.9,87.0,116.3,124.4,44.9,7.4,676.7,1.9,113.2,384.9,176.7,676.7
KARNATAKA,HAVERI,0.3,0.5,4.0,43.6,78.5,114.7,169.8,111.1,99.5,119.0,43.9,7.0,791.9,0.8,126.1,495.1,169.9,RAMNAGAR(BNGR),1.5,4.7,10.2,47.9,122.3,73.1,84.5,108.8,187.6,174.1,54.0,15.0,883.7,6.2,180.4,454.0,243.1,883.7
KARNATAKA,HAVERI,0.3,0.5,4.0,43.6,78.5,114.7,169.8,111.1,99.5,119.0,43.9,7.0,791.9,0.8,126.1,495.1,169.9,CHICKBALLAPUR,2.1,4.6,8.2,27.2,69.4,64.3,89.2,104.9,153.4,156.8,52.9,15.5,748.5,6.7,104.8,411.8,225.2,748.5
KARNATAKA,KOPPAL,1.2,0.4,2.5,19.2,50.5,72.2,75.6,89.1,145.7,108.1,25.8,8.0,598.3,1.6,72.2,382.6,141.9,UTTAR KANNADA,0.3,0.1,2.7,22.1,114.0,740.9,1053.8,667.7,258.5,155.1,44.1,11.2,3070.5,0.4,138.8,2720.9,210.4,3070.5
KARNATAKA,KOPPAL,1.2,0.4,2.5,19.2,50.5,72.2,75.6,89.1,145.7,108.1,25.8,8.0,598.3,1.6,72.2,382.6,141.9,DAKSHIN KANDA,1.9,0.7,6.4,39.8,180.9,977.2,1227.2,833.6,313.6,236.9,82.0,15.6,3915.8,2.6,227.1,3351.6,334.5,3915.8
KARNATAKA,KOPPAL,1.2,0.4,2.5,19.2,50.5,72.2,75.6,89.1,145.7,108.1,25.8,8.0,598.3,1.6,72.2,382.6,141.9,UDUPI,1.4,0.4,4.1,29.4,193.8,1081.0,1371.6,902.2,404.9,223.8,74.6,18.8,4306.0,1.8,227.3,3759.7,317.2,4306.0
KARNATAKA,KOPPAL,1.2,0.4,2.5,19.2,50.5,72.2,75.6,89.1,145.7,108.1,25.8,8.0,598.3,1.6,72.2,382.6,141.9,BELGAM,0.7,0.9,6.2,30.2,74.8,130.4,204.0,126.7,113.0,116.6,30.6,5.1,839.2,1.6,111.2,574.1,152.3,839.2
KARNATAKA,KOPPAL,1.2,0.4,2.5,19.2,50.5,72.2,75.6,89.1,145.7,108.1,25.8,8.0,598.3,1.6,72.2,382.6,141.9,BIDAR,5.9,6.1,10.1,21.7,31.4,137.1,190.7,196.6,170.5,93.5,20.9,6.2,890.7,12.0,63.2,694.9,120.6,890.7
KARNATAKA,KOPPAL,1.2,0.4,2.5,19.2,50.5,72.2,75.6,89.1,145.7,108.1,25.8,8.0,598.3,1.6,72.2,382.6,141.9,BIJAPUR,2.4,2.7,5.2,20.1,46.5,94.5,91.8,91.3,158.4,111.7,24.9,6.9,656.4,5.1,71.8,436.0,143.5,656.4
KARNATAKA,KOPPAL,1.2,0.4,2.5,19.2,50.5,72.2,75.6,89.1,145.7,108.1,25.8,8.0,598.3,1.6,72.2,382.6,141.9,DHARWAD,2.3,3.2,6.9,46.6,82.5,113.8,149.1,101.6,119.5,120.4,39.6,6.2,791.7,5.5,136.0,484.0,166.2,791.7
KARNATAKA,KOPPAL,1.2,0.4,2.5,19.2,50.5,72.2,75.6,89.1,145.7,108.1,25.8,8.0,598.3,1.6,72.2,382.6,141.9,GULBARGA,4.3,2.9,6.2,19.7,36.4,112.8,156.1,167.6,184.0,105.3,20.8,4.5,820.6,7.2,62.3,620.5,130.6,820.6
KARNATAKA,KOPPAL,1.2,0.4,2.5,19.2,50.5,72.2,75.6,89.1,145.7,108.1,25.8,8.0,598.3,1.6,72.2,382.6,141.9,YADGIR,4.4,3.6,5.2,20.5,36.8,116.8,153.0,161.2,179.8,123.4,24.5,5.3,834.5,8.0,62.5,610.8,153.2,834.5
KARNATAKA,KOPPAL,1.2,0.4,2.5,19.2,50.5,72.2,75.6,89.1,145.7,108.1,25.8,8.0,598.3,1.6,72.2,382.6,141.9,RAICHUR,1.4,2.0,4.1,17.7,40.5,81.7,110.2,122.2,147.5,110.5,21.4,5.9,665.1,3.4,62.3,461.6,137.8,665.1
KARNATAKA,KOPPAL,1.2,0.4,2.5,19.2,50.5,72.2,75.6,89.1,145.7,108.1,25.8,8.0,598.3,1.6,72.2,382.6,141.9,BAGALKOTE,1.8,1.5,4.5,23.5,57.3,80.1,73.6,72.5,137.1,112.8,25.3,7.0,597.0,3.3,85.3,363.3,145.1,597.0
KARNATAKA,KOPPAL,1.2,0.4,2.5,19.2,50.5,72.2,75.6,89.1,145.7,108.1,25.8,8.0,598.3,1.6,72.2,382.6,141.9,GADAG,1.2,1.0,3.9,33.5,71.7,85.1,70.4,75.3,137.5,121.1,33.0,7.5,641.2,2.2,109.1,368.3,161.6,641.2
KARNATAKA,KOPPAL,1.2,0.4,2.5,19.2,50.5,72.2,75.6,89.1,145.7,108.1,25.8,8.0,598.3,1.6,72.2,382.6,141.9,HAVERI,0.3,0.5,4.0,43.6,78.5,114.7,169.8,111.1,99.5,119.0,43.9,7.0,791.9,0.8,126.1,495.1,169.9,791.9
KARNATAKA,KOPPAL,1.2,0.4,2.5,19.2,50.5,72.2,75.6,89.1,145.7,108.1,25.8,8.0,598.3,1.6,72.2,382.6,141.9,KOPPAL,1.2,0.4,2.5,19.2,50.5,72.2,75.6,89.1,145.7,108.1,25.8,8.0,598.3,1.6,72.2,382.6,141.9,598.3
KARNATAKA,KOPPAL,1.2,0.4,2.5,19.2,50.5,72.2,75.6,89.1,145.7,108.1,25.8,8.0,598.3,1.6,72.2,382.6,141.9,BANGALORE RUR,1.7,5.8,7.6,36.2,93.1,71.2,91.7,118.1,170.9,171.8,55.4,13.5,837.0,7.5,136.9,451.9,240.7,837.0
KARNATAKA,KOPPAL,1.2,0.4,2.5,19.2,50.5,72.2,75.6,89.1,145.7,108.1,25.8,8.0,598.3,1.6,72.2,382.6,141.9,BELLARY,1.4,1.4,2.9,26.2,57.9,72.4,77.0,89.3,137.3,116.3,31.1,9.6,622.8,2.8,87.0,376.0,157.0,622.8
KARNATAKA,KOPPAL,1.2,0.4,2.5,19.2,50.5,72.2,75.6,89.1,145.7,108.1,25.8,8.0,598.3,1.6,72.2,382.6,141.9,CHIKMAGALUR,1.6,2.0,12.0,60.2,105.9,395.0,662.1,425.0,175.2,167.4,58.8,12.3,2077.5,3.6,178.1,1657.3,238.5,2077.5
KARNATAKA,KOPPAL,1.2,0.4,2.5,19.2,50.5,72.2,75.6,89.1,145.7,108.1,25.8,8.0,598.3,1.6,72.2,382.6,141.9,CHITRADURGA,1.4,1.2,4.4,25.8,64.9,50.5,56.1,58.9,105.5,116.4,33.8,8.8,527.7,2.6,95.1,271.0,159.0,527.7
KARNATAKA,KOPPAL,1.2,0.4,2.5,19.2,50.5,72.2,75.6,89.1,145.7,108.1,25.8,8.0,598.3,1.6,72.2,382.6,141.9,KODAGU,3.5,4.2,18.5,89.8,152.7,542.2,884.4,543.9,211.4,201.7,71.6,17.5,2741.4,7.7,261.0,2181.9,290.8,2741.4
KARNATAKA,KOPPAL,1.2,0.4,2.5,19.2,50.5,72.2,75.6,89.1,145.7,108.1,25.8,8.0,598.3,1.6,72.2,382.6,141.9,HASSAN,1.3,2.5,10.7,55.1,102.2,125.0,203.8,130.0,115.5,156.0,54.1,10.9,967.1,3.8,168.0,574.3,221.0,967.1
KARNATAKA,KOPPAL,1.2,0.4,2.5,19.2,50.5,72.2,75.6,89.1,145.7,108.1,25.8,8.0,598.3,1.6,72.2,382.6,141.9,KOLAR,2.7,4.5,10.4,27.8,74.4,63.3,76.4,91.2,151.8,148.2,58.8,21.6,731.1,7.2,112.6,382.7,228.6,731.1
KARNATAKA,KOPPAL,1.2,0.4,2.5,19.2,50.5,72.2,75.6,89.1,145.7,108.1,25.8,8.0,598.3,1.6,72.2,382.6,141.9,MANDYA,1.9,3.6,7.6,45.3,105.1,48.7,49.3,58.9,128.2,153.1,47.0,14.0,662.7,5.5,158.0,285.1,214.1,662.7
KARNATAKA,KOPPAL,1.2,0.4,2.5,19.2,50.5,72.2,75.6,89.1,145.7,108.1,25.8,8.0,598.3,1.6,72.2,382.6,141.9,MYSORE,2.5,3.5,11.4,58.7,124.6,79.7,92.4,64.8,106.7,152.4,48.8,13.1,758.6,6.0,194.7,343.6,214.3,758.6
KARNATAKA,KOPPAL,1.2,0.4,2.5,19.2,50.5,72.2,75.6,89.1,145.7,108.1,25.8,8.0,598.3,1.6,72.2,382.6,141.9,SHIMOGA,0.5,0.4,6.3,38.0,78.3,346.8,624.3,403.8,139.1,137.5,44.6,8.3,1827.9,0.9,122.6,1514.0,190.4,1827.9
KARNATAKA,KOPPAL,1.2,0.4,2.5,19.2,50.5,72.2,75.6,89.1,145.7,108.1,25.8,8.0,598.3,1.6,72.2,382.6,141.9,TUMKUR,2.4,3.0,7.1,34.0,87.1,61.5,69.7,79.5,148.5,148.9,46.7,10.1,698.5,5.4,128.2,359.2,205.7,698.5
KARNATAKA,KOPPAL,1.2,0.4,2.5,19.2,50.5,72.2,75.6,89.1,145.7,108.1,25.8,8.0,598.3,1.6,72.2,382.6,141.9,BANGALORE URB,2.3,6.7,8.2,39.2,106.3,73.9,91.6,128.9,181.3,159.7,53.9,18.0,870.0,9.0,153.7,475.7,231.6,870.0
KARNATAKA,KOPPAL,1.2,0.4,2.5,19.2,50.5,72.2,75.6,89.1,145.7,108.1,25.8,8.0,598.3,1.6,72.2,382.6,141.9,CHAMARAJANAGA,3.4,6.0,13.2,69.2,131.2,61.8,68.7,66.0,124.1,157.8,62.7,24.3,788.4,9.4,213.6,320.6,244.8,788.4
KARNATAKA,KOPPAL,1.2,0.4,2.5,19.2,50.5,72.2,75.6,89.1,145.7,108.1,25.8,8.0,598.3,1.6,72.2,382.6,141.9,DAVANGERE,1.1,0.8,4.2,35.0,74.0,78.7,102.9,87.0,116.3,124.4,44.9,7.4,676.7,1.9,113.2,384.9,176.7,676.7
KARNATAKA,KOPPAL,1.2,0.4,2.5,19.2,50.5,72.2,75.6,89.1,145.7,108.1,25.8,8.0,598.3,1.6,72.2,382.6,141.9,RAMNAGAR(BNGR),1.5,4.7,10.2,47.9,122.3,73.1,84.5,108.8,187.6,174.1,54.0,15.0,883.7,6.2,180.4,454.0,243.1,883.7
KARNATAKA,KOPPAL,1.2,0.4,2.5,19.2,50.5,72.2,75.6,89.1,145.7,108.1,25.8,8.0,598.3,1.6,72.2,382.6,141.9,CHICKBALLAPUR,2.1,4.6,8.2,27.2,69.4,64.3,89.2,104.9,153.4,156.8,52.9,15.5,748.5,6.7,104.8,411.8,225.2,748.5
KARNATAKA,BANGALORE RUR,1.7,5.8,7.6,36.2,93.1,71.2,91.7,118.1,170.9,171.8,55.4,13.5,837.0,7.5,136.9,451.9,240.7,UTTAR KANNADA,0.3,0.1,2.7,22.1,114.0,740.9,1053.8,667.7,258.5,155.1,44.1,11.2,3070.5,0.4,138.8,2720.9,210.4,3070.5
KARNATAKA,BANGALORE RUR,1.7,5.8,7.6,36.2,93.1,71.2,91.7,118.1,170.9,171.8,55.4,13.5,837.0,7.5,136.9,451.9,240.7,DAKSHIN KANDA,1.9,0.7,6.4,39.8,180.9,977.2,1227.2,833.6,313.6,236.9,82.0,15.6,3915.8,2.6,227.1,3351.6,334.5,3915.8
KARNATAKA,BANGALORE RUR,1.7,5.8,7.6,36.2,93.1,71.2,91.7,118.1,170.9,171.8,55.4,13.5,837.0,7.5,136.9,451.9,240.7,UDUPI,1.4,0.4,4.1,29.4,193.8,1081.0,1371.6,902.2,404.9,223.8,74.6,18.8,4306.0,1.8,227.3,3759.7,317.2,4306.0
KARNATAKA,BANGALORE RUR,1.7,5.8,7.6,36.2,93.1,71.2,91.7,118.1,170.9,171.8,55.4,13.5,837.0,7.5,136.9,451.9,240.7,BELGAM,0.7,0.9,6.2,30.2,74.8,130.4,204.0,126.7,113.0,116.6,30.6,5.1,839.2,1.6,111.2,574.1,152.3,839.2
KARNATAKA,BANGALORE RUR,1.7,5.8,7.6,36.2,93.1,71.2,91.7,118.1,170.9,171.8,55.4,13.5,837.0,7.5,136.9,451.9,240.7,BIDAR,5.9,6.1,10.1,21.7,31.4,137.1,190.7,196.6,170.5,93.5,20.9,6.2,890.7,12.0,63.2,694.9,120.6,890.7
KARNATAKA,BANGALORE RUR,1.7,5.8,7.6,36.2,93.1,71.2,91.7,118.1,170.9,171.8,55.4,13.5,837.0,7.5,136.9,451.9,240.7,BIJAPUR,2.4,2.7,5.2,20.1,46.5,94.5,91.8,91.3,158.4,111.7,24.9,6.9,656.4,5.1,71.8,436.0,143.5,656.4
KARNATAKA,BANGALORE RUR,1.7,5.8,7.6,36.2,93.1,71.2,91.7,118.1,170.9,171.8,55.4,13.5,837.0,7.5,136.9,451.9,240.7,DHARWAD,2.3,3.2,6.9,46.6,82.5,113.8,149.1,101.6,119.5,120.4,39.6,6.2,791.7,5.5,136.0,484.0,166.2,791.7
KARNATAKA,BANGALORE RUR,1.7,5.8,7.6,36.2,93.1,71.2,91.7,118.1,170.9,171.8,55.4,13.5,837.0,7.5,136.9,451.9,240.7,GULBARGA,4.3,2.9,6.2,19.7,36.4,112.8,156.1,167.6,184.0,105.3,20.8,4.5,820.6,7.2,62.3,620.5,130.6,820.6
KARNATAKA,BANGALORE RUR,1.7,5.8,7.6,36.2,93.1,71.2,91.7,118.1,170.9,171.8,55.4,13.5,837.0,7.5,136.9,451.9,240.7,YADGIR,4.4,3.6,5.2,20.5,36.8,116.8,153.0,161.2,179.8,123.4,24.5,5.3,834.5,8.0,62.5,610.8,153.2,834.5
KARNATAKA,BANGALORE RUR,1.7,5.8,7.6,36.2,93.1,71.2,91.7,118.1,170.9,171.8,55.4,13.5,837.0,7.5,136.9,451.9,240.7,RAICHUR,1.4,2.0,4.1,17.7,40.5,81.7,110.2,122.2,147.5,110.5,21.4,5.9,665.1,3.4,62.3,461.6,137.8,665.1
KARNATAKA,BANGALORE RUR,1.7,5.8,7.6,36.2,93.1,71.2,91.7,118.1,170.9,171.8,55.4,13.5,837.0,7.5,136.9,451.9,240.7,BAGALKOTE,1.8,1.5,4.5,23.5,57.3,80.1,73.6,72.5,137.1,112.8,25.3,7.0,597.0,3.3,85.3,363.3,145.1,597.0
KARNATAKA,BANGALORE RUR,1.7,5.8,7.6,36.2,93.1,71.2,91.7,118.1,170.9,171.8,55.4,13.5,837.0,7.5,136.9,451.9,240.7,GADAG,1.2,1.0,3.9,33.5,71.7,85.1,70.4,75.3,137.5,121.1,33.0,7.5,641.2,2.2,109.1,368.3,161.6,641.2
KARNATAKA,BANGALORE RUR,1.7,5.8,7.6,36.2,93.1,71.2,91.7,118.1,170.9,171.8,55.4,13.5,837.0,7.5,136.9,451.9,240.7,HAVERI,0.3,0.5,4.0,43.6,78.5,114.7,169.8,111.1,99.5,119.0,43.9,7.0,791.9,0.8,126.1,495.1,169.9,791.9
KARNATAKA,BANGALORE RUR,1.7,5.8,7.6,36.2,93.1,71.2,91.7,118.1,170.9,171.8,55.4,13.5,837.0,7.5,136.9,451.9,240.7,KOPPAL,1.2,0.4,2.5,19.2,50.5,72.2,75.6,89.1,145.7,108.1,25.8,8.0,598.3,1.6,72.2,382.6,141.9,598.3
KARNATAKA,BANGALORE RUR,1.7,5.8,7.6,36.2,93.1,71.2,91.7,118.1,170.9,171.8,55.4,13.5,837.0,7.5,136.9,451.9,240.7,BANGALORE RUR,1.7,5.8,7.6,36.2,93.1,71.2,91.7,118.1,170.9,171.8,55.4,13.5,837.0,7.5,136.9,451.9,240.7,837.0
KARNATAKA,BANGALORE RUR,1.7,5.8,7.6,36.2,93.1,71.2,91.7,118.1,170.9,171.8,55.4,13.5,837.0,7.5,136.9,451.9,240.7,BELLARY,1.4,1.4,2.9,26.2,57.9,72.4,77.0,89.3,137.3,116.3,31.1,9.6,622.8,2.8,87.0,376.0,157.0,622.8
KARNATAKA,BANGALORE RUR,1.7,5.8,7.6,36.2,93.1,71.2,91.7,118.1,170.9,171.8,55.4,13.5,837.0,7.5,136.9,451.9,240.7,CHIKMAGALUR,1.6,2.0,12.0,60.2,105.9,395.0,662.1,425.0,175.2,167.4,58.8,12.3,2077.5,3.6,178.1,1657.3,238.5,2077.5
KARNATAKA,BANGALORE RUR,1.7,5.8,7.6,36.2,93.1,71.2,91.7,118.1,170.9,171.8,55.4,13.5,837.0,7.5,136.9,451.9,240.7,CHITRADURGA,1.4,1.2,4.4,25.8,64.9,50.5,56.1,58.9,105.5,116.4,33.8,8.8,527.7,2.6,95.1,271.0,159.0,527.7
KARNATAKA,BANGALORE RUR,1.7,5.8,7.6,36.2,93.1,71.2,91.7,118.1,170.9,171.8,55.4,13.5,837.0,7.5,136.9,451.9,240.7,KODAGU,3.5,4.2,18.5,89.8,152.7,542.2,884.4,543.9,211.4,201.7,71.6,17.5,2741.4,7.7,261.0,2181.9,290.8,2741.4
KARNATAKA,BANGALORE RUR,1.7,5.8,7.6,36.2,93.1,71.2,91.7,118.1,170.9,171.8,55.4,13.5,837.0,7.5,136.9,451.9,240.7,HASSAN,1.3,2.5,10.7,55.1,102.2,125.0,203.8,130.0,115.5,156.0,54.1,10.9,967.1,3.8,168.0,574.3,221.0,967.1
KARNATAKA,BANGALORE RUR,1.7,5.8,7.6,36.2,93.1,71.2,91.7,118.1,170.9,171.8,55.4,13.5,837.0,7.5,136.9,451.9,240.7,KOLAR,2.7,4.5,10.4,27.8,74.4,63.3,76.4,91.2,151.8,148.2,58.8,21.6,731.1,7.2,112.6,382.7,228.6,731.1
KARNATAKA,BANGALORE RUR,1.7,5.8,7.6,36.2,93.1,71.2,91.7,118.1,170.9,171.8,55.4,13.5,837.0,7.5,136.9,451.9,240.7,MANDYA,1.9,3.6,7.6,45.3,105.1,48.7,49.3,58.9,128.2,153.1,47.0,14.0,662.7,5.5,158.0,285.1,214.1,662.7
KARNATAKA,BANGALORE RUR,1.7,5.8,7.6,36.2,93.1,71.2,91.7,118.1,170.9,171.8,55.4,13.5,837.0,7.5,136.9,451.9,240.7,MYSORE,2.5,3.5,11.4,58.7,124.6,79.7,92.4,64.8,106.7,152.4,48.8,13.1,758.6,6.0,194.7,343.6,214.3,758.6
KARNATAKA,BANGALORE RUR,1.7,5.8,7.6,36.2,93.1,71.2,91.7,118.1,170.9,171.8,55.4,13.5,837.0,7.5,136.9,451.9,240.7,SHIMOGA,0.5,0.4,6.3,38.0,78.3,346.8,624.3,403.8,139.1,137.5,44.6,8.3,1827.9,0.9,122.6,1514.0,190.4,1827.9
KARNATAKA,BANGALORE RUR,1.7,5.8,7.6,36.2,93.1,71.2,91.7,118.1,170.9,171.8,55.4,13.5,837.0,7.5,136.9,451.9,240.7,TUMKUR,2.4,3.0,7.1,34.0,87.1,61.5,69.7,79.5,148.5,148.9,46.7,10.1,698.5,5.4,128.2,359.2,205.7,698.5
KARNATAKA,BANGALORE RUR,1.7,5.8,7.6,36.2,93.1,71.2,91.7,118.1,170.9,171.8,55.4,13.5,837.0,7.5,136.9,451.9,240.7,BANGALORE URB,2.3,6.7,8.2,39.2,106.3,73.9,91.6,128.9,181.3,159.7,53.9,18.0,870.0,9.0,153.7,475.7,231.6,870.0
KARNATAKA,BANGALORE RUR,1.7,5.8,7.6,36.2,93.1,71.2,91.7,118.1,170.9,171.8,55.4,13.5,837.0,7.5,136.9,451.9,240.7,CHAMARAJANAGA,3.4,6.0,13.2,69.2,131.2,61.8,68.7,66.0,124.1,157.8,62.7,24.3,788.4,9.4,213.6,320.6,244.8,788.4
KARNATAKA,BANGALORE RUR,1.7,5.8,7.6,36.2,93.1,71.2,91.7,118.1,170.9,171.8,55.4,13.5,837.0,7.5,136.9,451.9,240.7,DAVANGERE,1.1,0.8,4.2,35.0,74.0,78.7,102.9,87.0,116.3,124.4,44.9,7.4,676.7,1.9,113.2,384.9,176.7,676.7
KARNATAKA,BANGALORE RUR,1.7,5.8,7.6,36.2,93.1,71.2,91.7,118.1,170.9,171.8,55.4,13.5,837.0,7.5,136.9,451.9,240.7,RAMNAGAR(BNGR),1.5,4.7,10.2,47.9,122.3,73.1,84.5,108.8,187.6,174.1,54.0,15.0,883.7,6.2,180.4,454.0,243.1,883.7
KARNATAKA,BANGALORE RUR,1.7,5.8,7.6,36.2,93.1,71.2,91.7,118.1,170.9,171.8,55.4,13.5,837.0,7.5,136.9,451.9,240.7,CHICKBALLAPUR,2.1,4.6,8.2,27.2,69.4,64.3,89.2,104.9,153.4,156.8,52.9,15.5,748.5,6.7,104.8,411.8,225.2,748.5
KARNATAKA,BELLARY,1.4,1.4,2.9,26.2,57.9,72.4,77.0,89.3,137.3,116.3,31.1,9.6,622.8,2.8,87.0,376.0,157.0,UTTAR KANNADA,0.3,0.1,2.7,22.1,114.0,740.9,1053.8,667.7,258.5,155.1,44.1,11.2,3070.5,0.4,138.8,2720.9,210.4,3070.5
KARNATAKA,BELLARY,1.4,1.4,2.9,26.2,57.9,72.4,77.0,89.3,137.3,116.3,31.1,9.6,622.8,2.8,87.0,376.0,157.0,DAKSHIN KANDA,1.9,0.7,6.4,39.8,180.9,977.2,1227.2,833.6,313.6,236.9,82.0,15.6,3915.8,2.6,227.1,3351.6,334.5,3915.8
KARNATAKA,BELLARY,1.4,1.4,2.9,26.2,57.9,72.4,77.0,89.3,137.3,116.3,31.1,9.6,622.8,2.8,87.0,376.0,157.0,UDUPI,1.4,0.4,4.1,29.4,193.8,1081.0,1371.6,902.2,404.9,223.8,74.6,18.8,4306.0,1.8,227.3,3759.7,317.2,4306.0
KARNATAKA,BELLARY,1.4,1.4,2.9,26.2,57.9,72.4,77.0,89.3,137.3,116.3,31.1,9.6,622.8,2.8,87.0,376.0,157.0,BELGAM,0.7,0.9,6.2,30.2,74.8,130.4,204.0,126.7,113.0,116.6,30.6,5.1,839.2,1.6,111.2,574.1,152.3,839.2
KARNATAKA,BELLARY,1.4,1.4,2.9,26.2,57.9,72.4,77.0,89.3,137.3,116.3,31.1,9.6,622.8,2.8,87.0,376.0,157.0,BIDAR,5.9,6.1,10.1,21.7,31.4,137.1,190.7,196.6,170.5,93.5,20.9,6.2,890.7,12.0,63.2,694.9,120.6,890.7
KARNATAKA,BELLARY,1.4,1.4,2.9,26.2,57.9,72.4,77.0,89.3,137.3,116.3,31.1,9.6,622.8,2.8,87.0,376.0,157.0,BIJAPUR,2.4,2.7,5.2,20.1,46.5,94.5,91.8,91.3,158.4,111.7,24.9,6.9,656.4,5.1,71.8,436.0,143.5,656.4
KARNATAKA,BELLARY,1.4,1.4,2.9,26.2,57.9,72.4,77.0,89.3,137.3,116.3,31.1,9.6,622.8,2.8,87.0,376.0,157.0,DHARWAD,2.3,3.2,6.9,46.6,82.5,113.8,149.1,101.6,119.5,120.4,39.6,6.2,791.7,5.5,136.0,484.0,166.2,791.7
KARNATAKA,BELLARY,1.4,1.4,2.9,26.2,57.9,72.4,77.0,89.3,137.3,116.3,31.1,9.6,622.8,2.8,87.0,376.0,157.0,GULBARGA,4.3,2.9,6.2,19.7,36.4,112.8,156.1,167.6,184.0,105.3,20.8,4.5,820.6,7.2,62.3,620.5,130.6,820.6
KARNATAKA,BELLARY,1.4,1.4,2.9,26.2,57.9,72.4,77.0,89.3,137.3,116.3,31.1,9.6,622.8,2.8,87.0,376.0,157.0,YADGIR,4.4,3.6,5.2,20.5,36.8,116.8,153.0,161.2,179.8,123.4,24.5,5.3,834.5,8.0,62.5,610.8,153.2,834.5
KARNATAKA,BELLARY,1.4,1.4,2.9,26.2,57.9,72.4,77.0,89.3,137.3,116.3,31.1,9.6,622.8,2.8,87.0,376.0,157.0,RAICHUR,1.4,2.0,4.1,17.7,40.5,81.7,110.2,122.2,147.5,110.5,21.4,5.9,665.1,3.4,62.3,461.6,137.8,665.1
KARNATAKA,BELLARY,1.4,1.4,2.9,26.2,57.9,72.4,77.0,89.3,137.3,116.3,31.1,9.6,622.8,2.8,87.0,376.0,157.0,BAGALKOTE,1.8,1.5,4.5,23.5,57.3,80.1,73.6,72.5,137.1,112.8,25.3,7.0,597.0,3.3,85.3,363.3,145.1,597.0
KARNATAKA,BELLARY,1.4,1.4,2.9,26.2,57.9,72.4,77.0,89.3,137.3,116.3,31.1,9.6,622.8,2.8,87.0,376.0,157.0,GADAG,1.2,1.0,3.9,33.5,71.7,85.1,70.4,75.3,137.5,121.1,33.0,7.5,641.2,2.2,109.1,368.3,161.6,641.2
KARNATAKA,BELLARY,1.4,1.4,2.9,26.2,57.9,72.4,77.0,89.3,137.3,116.3,31.1,9.6,622.8,2.8,87.0,376.0,157.0,HAVERI,0.3,0.5,4.0,43.6,78.5,114.7,169.8,111.1,99.5,119.0,43.9,7.0,791.9,0.8,126.1,495.1,169.9,791.9
KARNATAKA,BELLARY,1.4,1.4,2.9,26.2,57.9,72.4,77.0,89.3,137.3,116.3,31.1,9.6,622.8,2.8,87.0,376.0,157.0,KOPPAL,1.2,0.4,2.5,19.2,50.5,72.2,75.6,89.1,145.7,108.1,25.8,8.0,598.3,1.6,72.2,382.6,141.9,598.3
KARNATAKA,BELLARY,1.4,1.4,2.9,26.2,57.9,72.4,77.0,89.3,137.3,116.3,31.1,9.6,622.8,2.8,87.0,376.0,157.0,BANGALORE RUR,1.7,5.8,7.6,36.2,93.1,71.2,91.7,118.1,170.9,171.8,55.4,13.5,837.0,7.5,136.9,451.9,240.7,837.0
KARNATAKA,BELLARY,1.4,1.4,2.9,26.2,57.9,72.4,77.0,89.3,137.3,116.3,31.1,9.6,622.8,2.8,87.0,376.0,157.0,BELLARY,1.4,1.4,2.9,26.2,57.9,72.4,77.0,89.3,137.3,116.3,31.1,9.6,622.8,2.8,87.0,376.0,157.0,622.8
KARNATAKA,BELLARY,1.4,1.4,2.9,26.2,57.9,72.4,77.0,89.3,137.3,116.3,31.1,9.6,622.8,2.8,87.0,376.0,157.0,CHIKMAGALUR,1.6,2.0,12.0,60.2,105.9,395.0,662.1,425.0,175.2,167.4,58.8,12.3,2077.5,3.6,178.1,1657.3,238.5,2077.5
KARNATAKA,BELLARY,1.4,1.4,2.9,26.2,57.9,72.4,77.0,89.3,137.3,116.3,31.1,9.6,622.8,2.8,87.0,376.0,157.0,CHITRADURGA,1.4,1.2,4.4,25.8,64.9,50.5,56.1,58.9,105.5,116.4,33.8,8.8,527.7,2.6,95.1,271.0,159.0,527.7
KARNATAKA,BELLARY,1.4,1.4,2.9,26.2,57.9,72.4,77.0,89.3,137.3,116.3,31.1,9.6,622.8,2.8,87.0,376.0,157.0,KODAGU,3.5,4.2,18.5,89.8,152.7,542.2,884.4,543.9,211.4,201.7,71.6,17.5,2741.4,7.7,261.0,2181.9,290.8,2741.4
KARNATAKA,BELLARY,1.4,1.4,2.9,26.2,57.9,72.4,77.0,89.3,137.3,116.3,31.1,9.6,622.8,2.8,87.0,376.0,157.0,HASSAN,1.3,2.5,10.7,55.1,102.2,125.0,203.8,130.0,115.5,156.0,54.1,10.9,967.1,3.8,168.0,574.3,221.0,967.1
KARNATAKA,BELLARY,1.4,1.4,2.9,26.2,57.9,72.4,77.0,89.3,137.3,116.3,31.1,9.6,622.8,2.8,87.0,376.0,157.0,KOLAR,2.7,4.5,10.4,27.8,74.4,63.3,76.4,91.2,151.8,148.2,58.8,21.6,731.1,7.2,112.6,382.7,228.6,731.1
KARNATAKA,BELLARY,1.4,1.4,2.9,26.2,57.9,72.4,77.0,89.3,137.3,116.3,31.1,9.6,622.8,2.8,87.0,376.0,157.0,MANDYA,1.9,3.6,7.6,45.3,105.1,48.7,49.3,58.9,128.2,153.1,47.0,14.0,662.7,5.5,158.0,285.1,214.1,662.7
KARNATAKA,BELLARY,1.4,1.4,2.9,26.2,57.9,72.4,77.0,89.3,137.3,116.3,31.1,9.6,622.8,2.8,87.0,376.0,157.0,MYSORE,2.5,3.5,11.4,58.7,124.6,79.7,92.4,64.8,106.7,152.4,48.8,13.1,758.6,6.0,194.7,343.6,214.3,758.6
KARNATAKA,BELLARY,1.4,1.4,2.9,26.2,57.9,72.4,77.0,89.3,137.3,116.3,31.1,9.6,622.8,2.8,87.0,376.0,157.0,SHIMOGA,0.5,0.4,6.3,38.0,78.3,346.8,624.3,403.8,139.1,137.5,44.6,8.3,1827.9,0.9,122.6,1514.0,190.4,1827.9
KARNATAKA,BELLARY,1.4,1.4,2.9,26.2,57.9,72.4,77.0,89.3,137.3,116.3,31.1,9.6,622.8,2.8,87.0,376.0,157.0,TUMKUR,2.4,3.0,7.1,34.0,87.1,61.5,69.7,79.5,148.5,148.9,46.7,10.1,698.5,5.4,128.2,359.2,205.7,698.5
KARNATAKA,BELLARY,1.4,1.4,2.9,26.2,57.9,72.4,77.0,89.3,137.3,116.3,31.1,9.6,622.8,2.8,87.0,376.0,157.0,BANGALORE URB,2.3,6.7,8.2,39.2,106.3,73.9,91.6,128.9,181.3,159.7,53.9,18.0,870.0,9.0,153.7,475.7,231.6,870.0
KARNATAKA,BELLARY,1.4,1.4,2.9,26.2,57.9,72.4,77.0,89.3,137.3,116.3,31.1,9.6,622.8,2.8,87.0,376.0,157.0,CHAMARAJANAGA,3.4,6.0,13.2,69.2,131.2,61.8,68.7,66.0,124.1,157.8,62.7,24.3,788.4,9.4,213.6,320.6,244.8,788.4
KARNATAKA,BELLARY,1.4,1.4,2.9,26.2,57.9,72.4,77.0,89.3,137.3,116.3,31.1,9.6,622.8,2.8,87.0,376.0,157.0,DAVANGERE,1.1,0.8,4.2,35.0,74.0,78.7,102.9,87.0,116.3,124.4,44.9,7.4,676.7,1.9,113.2,384.9,176.7,676.7
KARNATAKA,BELLARY,1.4,1.4,2.9,26.2,57.9,72.4,77.0,89.3,137.3,116.3,31.1,9.6,622.8,2.8,87.0,376.0,157.0,RAMNAGAR(BNGR),1.5,4.7,10.2,47.9,122.3,73.1,84.5,108.8,187.6,174.1,54.0,15.0,883.7,6.2,180.4,454.0,243.1,883.7
KARNATAKA,BELLARY,1.4,1.4,2.9,26.2,57.9,72.4,77.0,89.3,137.3,116.3,31.1,9.6,622.8,2.8,87.0,376.0,157.0,CHICKBALLAPUR,2.1,4.6,8.2,27.2,69.4,64.3,89.2,104.9,153.4,156.8,52.9,15.5,748.5,6.7,104.8,411.8,225.2,748.5
KARNATAKA,CHIKMAGALUR,1.6,2.0,12.0,60.2,105.9,395.0,662.1,425.0,175.2,167.4,58.8,12.3,2077.5,3.6,178.1,1657.3,238.5,UTTAR KANNADA,0.3,0.1,2.7,22.1,114.0,740.9,1053.8,667.7,258.5,155.1,44.1,11.2,3070.5,0.4,138.8,2720.9,210.4,3070.5
KARNATAKA,CHIKMAGALUR,1.6,2.0,12.0,60.2,105.9,395.0,662.1,425.0,175.2,167.4,58.8,12.3,2077.5,3.6,178.1,1657.3,238.5,DAKSHIN KANDA,1.9,0.7,6.4,39.8,180.9,977.2,1227.2,833.6,313.6,236.9,82.0,15.6,3915.8,2.6,227.1,3351.6,334.5,3915.8
KARNATAKA,CHIKMAGALUR,1.6,2.0,12.0,60.2,105.9,395.0,662.1,425.0,175.2,167.4,58.8,12.3,2077.5,3.6,178.1,1657.3,238.5,UDUPI,1.4,0.4,4.1,29.4,193.8,1081.0,1371.6,902.2,404.9,223.8,74.6,18.8,4306.0,1.8,227.3,3759.7,317.2,4306.0
KARNATAKA,CHIKMAGALUR,1.6,2.0,12.0,60.2,105.9,395.0,662.1,425.0,175.2,167.4,58.8,12.3,2077.5,3.6,178.1,1657.3,238.5,BELGAM,0.7,0.9,6.2,30.2,74.8,130.4,204.0,126.7,113.0,116.6,30.6,5.1,839.2,1.6,111.2,574.1,152.3,839.2
KARNATAKA,CHIKMAGALUR,1.6,2.0,12.0,60.2,105.9,395.0,662.1,425.0,175.2,167.4,58.8,12.3,2077.5,3.6,178.1,1657.3,238.5,BIDAR,5.9,6.1,10.1,21.7,31.4,137.1,190.7,196.6,170.5,93.5,20.9,6.2,890.7,12.0,63.2,694.9,120.6,890.7
KARNATAKA,CHIKMAGALUR,1.6,2.0,12.0,60.2,105.9,395.0,662.1,425.0,175.2,167.4,58.8,12.3,2077.5,3.6,178.1,1657.3,238.5,BIJAPUR,2.4,2.7,5.2,20.1,46.5,94.5,91.8,91.3,158.4,111.7,24.9,6.9,656.4,5.1,71.8,436.0,143.5,656.4
KARNATAKA,CHIKMAGALUR,1.6,2.0,12.0,60.2,105.9,395.0,662.1,425.0,175.2,167.4,58.8,12.3,2077.5,3.6,178.1,1657.3,238.5,DHARWAD,2.3,3.2,6.9,46.6,82.5,113.8,149.1,101.6,119.5,120.4,39.6,6.2,791.7,5.5,136.0,484.0,166.2,791.7
KARNATAKA,CHIKMAGALUR,1.6,2.0,12.0,60.2,105.9,395.0,662.1,425.0,175.2,167.4,58.8,12.3,2077.5,3.6,178.1,1657.3,238.5,GULBARGA,4.3,2.9,6.2,19.7,36.4,112.8,156.1,167.6,184.0,105.3,20.8,4.5,820.6,7.2,62.3,620.5,130.6,820.6
KARNATAKA,CHIKMAGALUR,1.6,2.0,12.0,60.2,105.9,395.0,662.1,425.0,175.2,167.4,58.8,12.3,2077.5,3.6,178.1,1657.3,238.5,YADGIR,4.4,3.6,5.2,20.5,36.8,116.8,153.0,161.2,179.8,123.4,24.5,5.3,834.5,8.0,62.5,610.8,153.2,834.5
KARNATAKA,CHIKMAGALUR,1.6,2.0,12.0,60.2,105.9,395.0,662.1,425.0,175.2,167.4,58.8,12.3,2077.5,3.6,178.1,1657.3,238.5,RAICHUR,1.4,2.0,4.1,17.7,40.5,81.7,110.2,122.2,147.5,110.5,21.4,5.9,665.1,3.4,62.3,461.6,137.8,665.1
KARNATAKA,CHIKMAGALUR,1.6,2.0,12.0,60.2,105.9,395.0,662.1,425.0,175.2,167.4,58.8,12.3,2077.5,3.6,178.1,1657.3,238.5,BAGALKOTE,1.8,1.5,4.5,23.5,57.3,80.1,73.6,72.5,137.1,112.8,25.3,7.0,597.0,3.3,85.3,363.3,145.1,597.0
KARNATAKA,CHIKMAGALUR,1.6,2.0,12.0,60.2,105.9,395.0,662.1,425.0,175.2,167.4,58.8,12.3,2077.5,3.6,178.1,1657.3,238.5,GADAG,1.2,1.0,3.9,33.5,71.7,85.1,70.4,75.3,137.5,121.1,33.0,7.5,641.2,2.2,109.1,368.3,161.6,641.2
KARNATAKA,CHIKMAGALUR,1.6,2.0,12.0,60.2,105.9,395.0,662.1,425.0,175.2,167.4,58.8,12.3,2077.5,3.6,178.1,1657.3,238.5,HAVERI,0.3,0.5,4.0,43.6,78.5,114.7,169.8,111.1,99.5,119.0,43.9,7.0,791.9,0.8,126.1,495.1,169.9,791.9
KARNATAKA,CHIKMAGALUR,1.6,2.0,12.0,60.2,105.9,395.0,662.1,425.0,175.2,167.4,58.8,12.3,2077.5,3.6,178.1,1657.3,238.5,KOPPAL,1.2,0.4,2.5,19.2,50.5,72.2,75.6,89.1,145.7,108.1,25.8,8.0,598.3,1.6,72.2,382.6,141.9,598.3
KARNATAKA,CHIKMAGALUR,1.6,2.0,12.0,60.2,105.9,395.0,662.1,425.0,175.2,167.4,58.8,12.3,2077.5,3.6,178.1,1657.3,238.5,BANGALORE RUR,1.7,5.8,7.6,36.2,93.1,71.2,91.7,118.1,170.9,171.8,55.4,13.5,837.0,7.5,136.9,451.9,240.7,837.0
KARNATAKA,CHIKMAGALUR,1.6,2.0,12.0,60.2,105.9,395.0,662.1,425.0,175.2,167.4,58.8,12.3,2077.5,3.6,178.1,1657.3,238.5,BELLARY,1.4,1.4,2.9,26.2,57.9,72.4,77.0,89.3,137.3,116.3,31.1,9.6,622.8,2.8,87.0,376.0,157.0,622.8
KARNATAKA,CHIKMAGALUR,1.6,2.0,12.0,60.2,105.9,395.0,662.1,425.0,175.2,167.4,58.8,12.3,2077.5,3.6,178.1,1657.3,238.5,CHIKMAGALUR,1.6,2.0,12.0,60.2,105.9,395.0,662.1,425.0,175.2,167.4,58.8,12.3,2077.5,3.6,178.1,1657.3,238.5,2077.5
KARNATAKA,CHIKMAGALUR,1.6,2.0,12.0,60.2,105.9,395.0,662.1,425.0,175.2,167.4,58.8,12.3,2077.5,3.6,178.1,1657.3,238.5,CHITRADURGA,1.4,1.2,4.4,25.8,64.9,50.5,56.1,58.9,105.5,116.4,33.8,8.8,527.7,2.6,95.1,271.0,159.0,527.7
KARNATAKA,CHIKMAGALUR,1.6,2.0,12.0,60.2,105.9,395.0,662.1,425.0,175.2,167.4,58.8,12.3,2077.5,3.6,178.1,1657.3,238.5,KODAGU,3.5,4.2,18.5,89.8,152.7,542.2,884.4,543.9,211.4,201.7,71.6,17.5,2741.4,7.7,261.0,2181.9,290.8,2741.4
KARNATAKA,CHIKMAGALUR,1.6,2.0,12.0,60.2,105.9,395.0,662.1,425.0,175.2,167.4,58.8,12.3,2077.5,3.6,178.1,1657.3,238.5,HASSAN,1.3,2.5,10.7,55.1,102.2,125.0,203.8,130.0,115.5,156.0,54.1,10.9,967.1,3.8,168.0,574.3,221.0,967.1
KARNATAKA,CHIKMAGALUR,1.6,2.0,12.0,60.2,105.9,395.0,662.1,425.0,175.2,167.4,58.8,12.3,2077.5,3.6,178.1,1657.3,238.5,KOLAR,2.7,4.5,10.4,27.8,74.4,63.3,76.4,91.2,151.8,148.2,58.8,21.6,731.1,7.2,112.6,382.7,228.6,731.1
KARNATAKA,CHIKMAGALUR,1.6,2.0,12.0,60.2,105.9,395.0,662.1,425.0,175.2,167.4,58.8,12.3,2077.5,3.6,178.1,1657.3,238.5,MANDYA,1.9,3.6,7.6,45.3,105.1,48.7,49.3,58.9,128.2,153.1,47.0,14.0,662.7,5.5,158.0,285.1,214.1,662.7
KARNATAKA,CHIKMAGALUR,1.6,2.0,12.0,60.2,105.9,395.0,662.1,425.0,175.2,167.4,58.8,12.3,2077.5,3.6,178.1,1657.3,238.5,MYSORE,2.5,3.5,11.4,58.7,124.6,79.7,92.4,64.8,106.7,152.4,48.8,13.1,758.6,6.0,194.7,343.6,214.3,758.6
KARNATAKA,CHIKMAGALUR,1.6,2.0,12.0,60.2,105.9,395.0,662.1,425.0,175.2,167.4,58.8,12.3,2077.5,3.6,178.1,1657.3,238.5,SHIMOGA,0.5,0.4,6.3,38.0,78.3,346.8,624.3,403.8,139.1,137.5,44.6,8.3,1827.9,0.9,122.6,1514.0,190.4,1827.9
KARNATAKA,CHIKMAGALUR,1.6,2.0,12.0,60.2,105.9,395.0,662.1,425.0,175.2,167.4,58.8,12.3,2077.5,3.6,178.1,1657.3,238.5,TUMKUR,2.4,3.0,7.1,34.0,87.1,61.5,69.7,79.5,148.5,148.9,46.7,10.1,698.5,5.4,128.2,359.2,205.7,698.5
KARNATAKA,CHIKMAGALUR,1.6,2.0,12.0,60.2,105.9,395.0,662.1,425.0,175.2,167.4,58.8,12.3,2077.5,3.6,178.1,1657.3,238.5,BANGALORE URB,2.3,6.7,8.2,39.2,106.3,73.9,91.6,128.9,181.3,159.7,53.9,18.0,870.0,9.0,153.7,475.7,231.6,870.0
KARNATAKA,CHIKMAGALUR,1.6,2.0,12.0,60.2,105.9,395.0,662.1,425.0,175.2,167.4,58.8,12.3,2077.5,3.6,178.1,1657.3,238.5,CHAMARAJANAGA,3.4,6.0,13.2,69.2,131.2,61.8,68.7,66.0,124.1,157.8,62.7,24.3,788.4,9.4,213.6,320.6,244.8,788.4
KARNATAKA,CHIKMAGALUR,1.6,2.0,12.0,60.2,105.9,395.0,662.1,425.0,175.2,167.4,58.8,12.3,2077.5,3.6,178.1,1657.3,238.5,DAVANGERE,1.1,0.8,4.2,35.0,74.0,78.7,102.9,87.0,116.3,124.4,44.9,7.4,676.7,1.9,113.2,384.9,176.7,676.7
KARNATAKA,CHIKMAGALUR,1.6,2.0,12.0,60.2,105.9,395.0,662.1,425.0,175.2,167.4,58.8,12.3,2077.5,3.6,178.1,1657.3,238.5,RAMNAGAR(BNGR),1.5,4.7,10.2,47.9,122.3,73.1,84.5,108.8,187.6,174.1,54.0,15.0,883.7,6.2,180.4,454.0,243.1,883.7
KARNATAKA,CHIKMAGALUR,1.6,2.0,12.0,60.2,105.9,395.0,662.1,425.0,175.2,167.4,58.8,12.3,2077.5,3.6,178.1,1657.3,238.5,CHICKBALLAPUR,2.1,4.6,8.2,27.2,69.4,64.3,89.2,104.9,153.4,156.8,52.9,15.5,748.5,6.7,104.8,411.8,225.2,748.5
KARNATAKA,CHITRADURGA,1.4,1.2,4.4,25.8,64.9,50.5,56.1,58.9,105.5,116.4,33.8,8.8,527.7,2.6,95.1,271.0,159.0,UTTAR KANNADA,0.3,0.1,2.7,22.1,114.0,740.9,1053.8,667.7,258.5,155.1,44.1,11.2,3070.5,0.4,138.8,2720.9,210.4,3070.5
KARNATAKA,CHITRADURGA,1.4,1.2,4.4,25.8,64.9,50.5,56.1,58.9,105.5,116.4,33.8,8.8,527.7,2.6,95.1,271.0,159.0,DAKSHIN KANDA,1.9,0.7,6.4,39.8,180.9,977.2,1227.2,833.6,313.6,236.9,82.0,15.6,3915.8,2.6,227.1,3351.6,334.5,3915.8
KARNATAKA,CHITRADURGA,1.4,1.2,4.4,25.8,64.9,50.5,56.1,58.9,105.5,116.4,33.8,8.8,527.7,2.6,95.1,271.0,159.0,UDUPI,1.4,0.4,4.1,29.4,193.8,1081.0,1371.6,902.2,404.9,223.8,74.6,18.8,4306.0,1.8,227.3,3759.7,317.2,4306.0
KARNATAKA,CHITRADURGA,1.4,1.2,4.4,25.8,64.9,50.5,56.1,58.9,105.5,116.4,33.8,8.8,527.7,2.6,95.1,271.0,159.0,BELGAM,0.7,0.9,6.2,30.2,74.8,130.4,204.0,126.7,113.0,116.6,30.6,5.1,839.2,1.6,111.2,574.1,152.3,839.2
KARNATAKA,CHITRADURGA,1.4,1.2,4.4,25.8,64.9,50.5,56.1,58.9,105.5,116.4,33.8,8.8,527.7,2.6,95.1,271.0,159.0,BIDAR,5.9,6.1,10.1,21.7,31.4,137.1,190.7,196.6,170.5,93.5,20.9,6.2,890.7,12.0,63.2,694.9,120.6,890.7
KARNATAKA,CHITRADURGA,1.4,1.2,4.4,25.8,64.9,50.5,56.1,58.9,105.5,116.4,33.8,8.8,527.7,2.6,95.1,271.0,159.0,BIJAPUR,2.4,2.7,5.2,20.1,46.5,94.5,91.8,91.3,158.4,111.7,24.9,6.9,656.4,5.1,71.8,436.0,143.5,656.4
KARNATAKA,CHITRADURGA,1.4,1.2,4.4,25.8,64.9,50.5,56.1,58.9,105.5,116.4,33.8,8.8,527.7,2.6,95.1,271.0,159.0,DHARWAD,2.3,3.2,6.9,46.6,82.5,113.8,149.1,101.6,119.5,120.4,39.6,6.2,791.7,5.5,136.0,484.0,166.2,791.7
KARNATAKA,CHITRADURGA,1.4,1.2,4.4,25.8,64.9,50.5,56.1,58.9,105.5,116.4,33.8,8.8,527.7,2.6,95.1,271.0,159.0,GULBARGA,4.3,2.9,6.2,19.7,36.4,112.8,156.1,167.6,184.0,105.3,20.8,4.5,820.6,7.2,62.3,620.5,130.6,820.6
KARNATAKA,CHITRADURGA,1.4,1.2,4.4,25.8,64.9,50.5,56.1,58.9,105.5,116.4,33.8,8.8,527.7,2.6,95.1,271.0,159.0,YADGIR,4.4,3.6,5.2,20.5,36.8,116.8,153.0,161.2,179.8,123.4,24.5,5.3,834.5,8.0,62.5,610.8,153.2,834.5
KARNATAKA,CHITRADURGA,1.4,1.2,4.4,25.8,64.9,50.5,56.1,58.9,105.5,116.4,33.8,8.8,527.7,2.6,95.1,271.0,159.0,RAICHUR,1.4,2.0,4.1,17.7,40.5,81.7,110.2,122.2,147.5,110.5,21.4,5.9,665.1,3.4,62.3,461.6,137.8,665.1
KARNATAKA,CHITRADURGA,1.4,1.2,4.4,25.8,64.9,50.5,56.1,58.9,105.5,116.4,33.8,8.8,527.7,2.6,95.1,271.0,159.0,BAGALKOTE,1.8,1.5,4.5,23.5,57.3,80.1,73.6,72.5,137.1,112.8,25.3,7.0,597.0,3.3,85.3,363.3,145.1,597.0
KARNATAKA,CHITRADURGA,1.4,1.2,4.4,25.8,64.9,50.5,56.1,58.9,105.5,116.4,33.8,8.8,527.7,2.6,95.1,271.0,159.0,GADAG,1.2,1.0,3.9,33.5,71.7,85.1,70.4,75.3,137.5,121.1,33.0,7.5,641.2,2.2,109.1,368.3,161.6,641.2
KARNATAKA,CHITRADURGA,1.4,1.2,4.4,25.8,64.9,50.5,56.1,58.9,105.5,116.4,33.8,8.8,527.7,2.6,95.1,271.0,159.0,HAVERI,0.3,0.5,4.0,43.6,78.5,114.7,169.8,111.1,99.5,119.0,43.9,7.0,791.9,0.8,126.1,495.1,169.9,791.9
KARNATAKA,CHITRADURGA,1.4,1.2,4.4,25.8,64.9,50.5,56.1,58.9,105.5,116.4,33.8,8.8,527.7,2.6,95.1,271.0,159.0,KOPPAL,1.2,0.4,2.5,19.2,50.5,72.2,75.6,89.1,145.7,108.1,25.8,8.0,598.3,1.6,72.2,382.6,141.9,598.3
KARNATAKA,CHITRADURGA,1.4,1.2,4.4,25.8,64.9,50.5,56.1,58.9,105.5,116.4,33.8,8.8,527.7,2.6,95.1,271.0,159.0,BANGALORE RUR,1.7,5.8,7.6,36.2,93.1,71.2,91.7,118.1,170.9,171.8,55.4,13.5,837.0,7.5,136.9,451.9,240.7,837.0
KARNATAKA,CHITRADURGA,1.4,1.2,4.4,25.8,64.9,50.5,56.1,58.9,105.5,116.4,33.8,8.8,527.7,2.6,95.1,271.0,159.0,BELLARY,1.4,1.4,2.9,26.2,57.9,72.4,77.0,89.3,137.3,116.3,31.1,9.6,622.8,2.8,87.0,376.0,157.0,622.8
KARNATAKA,CHITRADURGA,1.4,1.2,4.4,25.8,64.9,50.5,56.1,58.9,105.5,116.4,33.8,8.8,527.7,2.6,95.1,271.0,159.0,CHIKMAGALUR,1.6,2.0,12.0,60.2,105.9,395.0,662.1,425.0,175.2,167.4,58.8,12.3,2077.5,3.6,178.1,1657.3,238.5,2077.5
KARNATAKA,CHITRADURGA,1.4,1.2,4.4,25.8,64.9,50.5,56.1,58.9,105.5,116.4,33.8,8.8,527.7,2.6,95.1,271.0,159.0,CHITRADURGA,1.4,1.2,4.4,25.8,64.9,50.5,56.1,58.9,105.5,116.4,33.8,8.8,527.7,2.6,95.1,271.0,159.0,527.7
KARNATAKA,CHITRADURGA,1.4,1.2,4.4,25.8,64.9,50.5,56.1,58.9,105.5,116.4,33.8,8.8,527.7,2.6,95.1,271.0,159.0,KODAGU,3.5,4.2,18.5,89.8,152.7,542.2,884.4,543.9,211.4,201.7,71.6,17.5,2741.4,7.7,261.0,2181.9,290.8,2741.4
KARNATAKA,CHITRADURGA,1.4,1.2,4.4,25.8,64.9,50.5,56.1,58.9,105.5,116.4,33.8,8.8,527.7,2.6,95.1,271.0,159.0,HASSAN,1.3,2.5,10.7,55.1,102.2,125.0,203.8,130.0,115.5,156.0,54.1,10.9,967.1,3.8,168.0,574.3,221.0,967.1
KARNATAKA,CHITRADURGA,1.4,1.2,4.4,25.8,64.9,50.5,56.1,58.9,105.5,116.4,33.8,8.8,527.7,2.6,95.1,271.0,159.0,KOLAR,2.7,4.5,10.4,27.8,74.4,63.3,76.4,91.2,151.8,148.2,58.8,21.6,731.1,7.2,112.6,382.7,228.6,731.1
KARNATAKA,CHITRADURGA,1.4,1.2,4.4,25.8,64.9,50.5,56.1,58.9,105.5,116.4,33.8,8.8,527.7,2.6,95.1,271.0,159.0,MANDYA,1.9,3.6,7.6,45.3,105.1,48.7,49.3,58.9,128.2,153.1,47.0,14.0,662.7,5.5,158.0,285.1,214.1,662.7
KARNATAKA,CHITRADURGA,1.4,1.2,4.4,25.8,64.9,50.5,56.1,58.9,105.5,116.4,33.8,8.8,527.7,2.6,95.1,271.0,159.0,MYSORE,2.5,3.5,11.4,58.7,124.6,79.7,92.4,64.8,106.7,152.4,48.8,13.1,758.6,6.0,194.7,343.6,214.3,758.6
KARNATAKA,CHITRADURGA,1.4,1.2,4.4,25.8,64.9,50.5,56.1,58.9,105.5,116.4,33.8,8.8,527.7,2.6,95.1,271.0,159.0,SHIMOGA,0.5,0.4,6.3,38.0,78.3,346.8,624.3,403.8,139.1,137.5,44.6,8.3,1827.9,0.9,122.6,1514.0,190.4,1827.9
KARNATAKA,CHITRADURGA,1.4,1.2,4.4,25.8,64.9,50.5,56.1,58.9,105.5,116.4,33.8,8.8,527.7,2.6,95.1,271.0,159.0,TUMKUR,2.4,3.0,7.1,34.0,87.1,61.5,69.7,79.5,148.5,148.9,46.7,10.1,698.5,5.4,128.2,359.2,205.7,698.5
KARNATAKA,CHITRADURGA,1.4,1.2,4.4,25.8,64.9,50.5,56.1,58.9,105.5,116.4,33.8,8.8,527.7,2.6,95.1,271.0,159.0,BANGALORE URB,2.3,6.7,8.2,39.2,106.3,73.9,91.6,128.9,181.3,159.7,53.9,18.0,870.0,9.0,153.7,475.7,231.6,870.0
KARNATAKA,CHITRADURGA,1.4,1.2,4.4,25.8,64.9,50.5,56.1,58.9,105.5,116.4,33.8,8.8,527.7,2.6,95.1,271.0,159.0,CHAMARAJANAGA,3.4,6.0,13.2,69.2,131.2,61.8,68.7,66.0,124.1,157.8,62.7,24.3,788.4,9.4,213.6,320.6,244.8,788.4
KARNATAKA,CHITRADURGA,1.4,1.2,4.4,25.8,64.9,50.5,56.1,58.9,105.5,116.4,33.8,8.8,527.7,2.6,95.1,271.0,159.0,DAVANGERE,1.1,0.8,4.2,35.0,74.0,78.7,102.9,87.0,116.3,124.4,44.9,7.4,676.7,1.9,113.2,384.9,176.7,676.7
KARNATAKA,CHITRADURGA,1.4,1.2,4.4,25.8,64.9,50.5,56.1,58.9,105.5,116.4,33.8,8.8,527.7,2.6,95.1,271.0,159.0,RAMNAGAR(BNGR),1.5,4.7,10.2,47.9,122.3,73.1,84.5,108.8,187.6,174.1,54.0,15.0,883.7,6.2,180.4,454.0,243.1,883.7
KARNATAKA,CHITRADURGA,1.4,1.2,4.4,25.8,64.9,50.5,56.1,58.9,105.5,116.4,33.8,8.8,527.7,2.6,95.1,271.0,159.0,CHICKBALLAPUR,2.1,4.6,8.2,27.2,69.4,64.3,89.2,104.9,153.4,156.8,52.9,15.5,748.5,6.7,104.8,411.8,225.2,748.5
KARNATAKA,KODAGU,3.5,4.2,18.5,89.8,152.7,542.2,884.4,543.9,211.4,201.7,71.6,17.5,2741.4,7.7,261.0,2181.9,290.8,UTTAR KANNADA,0.3,0.1,2.7,22.1,114.0,740.9,1053.8,667.7,258.5,155.1,44.1,11.2,3070.5,0.4,138.8,2720.9,210.4,3070.5
KARNATAKA,KODAGU,3.5,4.2,18.5,89.8,152.7,542.2,884.4,543.9,211.4,201.7,71.6,17.5,2741.4,7.7,261.0,2181.9,290.8,DAKSHIN KANDA,1.9,0.7,6.4,39.8,180.9,977.2,1227.2,833.6,313.6,236.9,82.0,15.6,3915.8,2.6,227.1,3351.6,334.5,3915.8
KARNATAKA,KODAGU,3.5,4.2,18.5,89.8,152.7,542.2,884.4,543.9,211.4,201.7,71.6,17.5,2741.4,7.7,261.0,2181.9,290.8,UDUPI,1.4,0.4,4.1,29.4,193.8,1081.0,1371.6,902.2,404.9,223.8,74.6,18.8,4306.0,1.8,227.3,3759.7,317.2,4306.0
KARNATAKA,KODAGU,3.5,4.2,18.5,89.8,152.7,542.2,884.4,543.9,211.4,201.7,71.6,17.5,2741.4,7.7,261.0,2181.9,290.8,BELGAM,0.7,0.9,6.2,30.2,74.8,130.4,204.0,126.7,113.0,116.6,30.6,5.1,839.2,1.6,111.2,574.1,152.3,839.2
KARNATAKA,KODAGU,3.5,4.2,18.5,89.8,152.7,542.2,884.4,543.9,211.4,201.7,71.6,17.5,2741.4,7.7,261.0,2181.9,290.8,BIDAR,5.9,6.1,10.1,21.7,31.4,137.1,190.7,196.6,170.5,93.5,20.9,6.2,890.7,12.0,63.2,694.9,120.6,890.7
KARNATAKA,KODAGU,3.5,4.2,18.5,89.8,152.7,542.2,884.4,543.9,211.4,201.7,71.6,17.5,2741.4,7.7,261.0,2181.9,290.8,BIJAPUR,2.4,2.7,5.2,20.1,46.5,94.5,91.8,91.3,158.4,111.7,24.9,6.9,656.4,5.1,71.8,436.0,143.5,656.4
KARNATAKA,KODAGU,3.5,4.2,18.5,89.8,152.7,542.2,884.4,543.9,211.4,201.7,71.6,17.5,2741.4,7.7,261.0,2181.9,290.8,DHARWAD,2.3,3.2,6.9,46.6,82.5,113.8,149.1,101.6,119.5,120.4,39.6,6.2,791.7,5.5,136.0,484.0,166.2,791.7
KARNATAKA,KODAGU,3.5,4.2,18.5,89.8,152.7,542.2,884.4,543.9,211.4,201.7,71.6,17.5,2741.4,7.7,261.0,2181.9,290.8,GULBARGA,4.3,2.9,6.2,19.7,36.4,112.8,156.1,167.6,184.0,105.3,20.8,4.5,820.6,7.2,62.3,620.5,130.6,820.6
KARNATAKA,KODAGU,3.5,4.2,18.5,89.8,152.7,542.2,884.4,543.9,211.4,201.7,71.6,17.5,2741.4,7.7,261.0,2181.9,290.8,YADGIR,4.4,3.6,5.2,20.5,36.8,116.8,153.0,161.2,179.8,123.4,24.5,5.3,834.5,8.0,62.5,610.8,153.2,834.5
KARNATAKA,KODAGU,3.5,4.2,18.5,89.8,152.7,542.2,884.4,543.9,211.4,201.7,71.6,17.5,2741.4,7.7,261.0,2181.9,290.8,RAICHUR,1.4,2.0,4.1,17.7,40.5,81.7,110.2,122.2,147.5,110.5,21.4,5.9,665.1,3.4,62.3,461.6,137.8,665.1
KARNATAKA,KODAGU,3.5,4.2,18.5,89.8,152.7,542.2,884.4,543.9,211.4,201.7,71.6,17.5,2741.4,7.7,261.0,2181.9,290.8,BAGALKOTE,1.8,1.5,4.5,23.5,57.3,80.1,73.6,72.5,137.1,112.8,25.3,7.0,597.0,3.3,85.3,363.3,145.1,597.0
KARNATAKA,KODAGU,3.5,4.2,18.5,89.8,152.7,542.2,884.4,543.9,211.4,201.7,71.6,17.5,2741.4,7.7,261.0,2181.9,290.8,GADAG,1.2,1.0,3.9,33.5,71.7,85.1,70.4,75.3,137.5,121.1,33.0,7.5,641.2,2.2,109.1,368.3,161.6,641.2
KARNATAKA,KODAGU,3.5,4.2,18.5,89.8,152.7,542.2,884.4,543.9,211.4,201.7,71.6,17.5,2741.4,7.7,261.0,2181.9,290.8,HAVERI,0.3,0.5,4.0,43.6,78.5,114.7,169.8,111.1,99.5,119.0,43.9,7.0,791.9,0.8,126.1,495.1,169.9,791.9
KARNATAKA,KODAGU,3.5,4.2,18.5,89.8,152.7,542.2,884.4,543.9,211.4,201.7,71.6,17.5,2741.4,7.7,261.0,2181.9,290.8,KOPPAL,1.2,0.4,2.5,19.2,50.5,72.2,75.6,89.1,145.7,108.1,25.8,8.0,598.3,1.6,72.2,382.6,141.9,598.3
KARNATAKA,KODAGU,3.5,4.2,18.5,89.8,152.7,542.2,884.4,543.9,211.4,201.7,71.6,17.5,2741.4,7.7,261.0,2181.9,290.8,BANGALORE RUR,1.7,5.8,7.6,36.2,93.1,71.2,91.7,118.1,170.9,171.8,55.4,13.5,837.0,7.5,136.9,451.9,240.7,837.0
KARNATAKA,KODAGU,3.5,4.2,18.5,89.8,152.7,542.2,884.4,543.9,211.4,201.7,71.6,17.5,2741.4,7.7,261.0,2181.9,290.8,BELLARY,1.4,1.4,2.9,26.2,57.9,72.4,77.0,89.3,137.3,116.3,31.1,9.6,622.8,2.8,87.0,376.0,157.0,622.8
KARNATAKA,KODAGU,3.5,4.2,18.5,89.8,152.7,542.2,884.4,543.9,211.4,201.7,71.6,17.5,2741.4,7.7,261.0,2181.9,290.8,CHIKMAGALUR,1.6,2.0,12.0,60.2,105.9,395.0,662.1,425.0,175.2,167.4,58.8,12.3,2077.5,3.6,178.1,1657.3,238.5,2077.5
KARNATAKA,KODAGU,3.5,4.2,18.5,89.8,152.7,542.2,884.4,543.9,211.4,201.7,71.6,17.5,2741.4,7.7,261.0,2181.9,290.8,CHITRADURGA,1.4,1.2,4.4,25.8,64.9,50.5,56.1,58.9,105.5,116.4,33.8,8.8,527.7,2.6,95.1,271.0,159.0,527.7
KARNATAKA,KODAGU,3.5,4.2,18.5,89.8,152.7,542.2,884.4,543.9,211.4,201.7,71.6,17.5,2741.4,7.7,261.0,2181.9,290.8,KODAGU,3.5,4.2,18.5,89.8,152.7,542.2,884.4,543.9,211.4,201.7,71.6,17.5,2741.4,7.7,261.0,2181.9,290.8,2741.4
KARNATAKA,KODAGU,3.5,4.2,18.5,89.8,152.7,542.2,884.4,543.9,211.4,201.7,71.6,17.5,2741.4,7.7,261.0,2181.9,290.8,HASSAN,1.3,2.5,10.7,55.1,102.2,125.0,203.8,130.0,115.5,156.0,54.1,10.9,967.1,3.8,168.0,574.3,221.0,967.1
KARNATAKA,KODAGU,3.5,4.2,18.5,89.8,152.7,542.2,884.4,543.9,211.4,201.7,71.6,17.5,2741.4,7.7,261.0,2181.9,290.8,KOLAR,2.7,4.5,10.4,27.8,74.4,63.3,76.4,91.2,151.8,148.2,58.8,21.6,731.1,7.2,112.6,382.7,228.6,731.1
KARNATAKA,KODAGU,3.5,4.2,18.5,89.8,152.7,542.2,884.4,543.9,211.4,201.7,71.6,17.5,2741.4,7.7,261.0,2181.9,290.8,MANDYA,1.9,3.6,7.6,45.3,105.1,48.7,49.3,58.9,128.2,153.1,47.0,14.0,662.7,5.5,158.0,285.1,214.1,662.7
KARNATAKA,KODAGU,3.5,4.2,18.5,89.8,152.7,542.2,884.4,543.9,211.4,201.7,71.6,17.5,2741.4,7.7,261.0,2181.9,290.8,MYSORE,2.5,3.5,11.4,58.7,124.6,79.7,92.4,64.8,106.7,152.4,48.8,13.1,758.6,6.0,194.7,343.6,214.3,758.6
KARNATAKA,KODAGU,3.5,4.2,18.5,89.8,152.7,542.2,884.4,543.9,211.4,201.7,71.6,17.5,2741.4,7.7,261.0,2181.9,290.8,SHIMOGA,0.5,0.4,6.3,38.0,78.3,346.8,624.3,403.8,139.1,137.5,44.6,8.3,1827.9,0.9,122.6,1514.0,190.4,1827.9
KARNATAKA,KODAGU,3.5,4.2,18.5,89.8,152.7,542.2,884.4,543.9,211.4,201.7,71.6,17.5,2741.4,7.7,261.0,2181.9,290.8,TUMKUR,2.4,3.0,7.1,34.0,87.1,61.5,69.7,79.5,148.5,148.9,46.7,10.1,698.5,5.4,128.2,359.2,205.7,698.5
KARNATAKA,KODAGU,3.5,4.2,18.5,89.8,152.7,542.2,884.4,543.9,211.4,201.7,71.6,17.5,2741.4,7.7,261.0,2181.9,290.8,BANGALORE URB,2.3,6.7,8.2,39.2,106.3,73.9,91.6,128.9,181.3,159.7,53.9,18.0,870.0,9.0,153.7,475.7,231.6,870.0
KARNATAKA,KODAGU,3.5,4.2,18.5,89.8,152.7,542.2,884.4,543.9,211.4,201.7,71.6,17.5,2741.4,7.7,261.0,2181.9,290.8,CHAMARAJANAGA,3.4,6.0,13.2,69.2,131.2,61.8,68.7,66.0,124.1,157.8,62.7,24.3,788.4,9.4,213.6,320.6,244.8,788.4
KARNATAKA,KODAGU,3.5,4.2,18.5,89.8,152.7,542.2,884.4,543.9,211.4,201.7,71.6,17.5,2741.4,7.7,261.0,2181.9,290.8,DAVANGERE,1.1,0.8,4.2,35.0,74.0,78.7,102.9,87.0,116.3,124.4,44.9,7.4,676.7,1.9,113.2,384.9,176.7,676.7
KARNATAKA,KODAGU,3.5,4.2,18.5,89.8,152.7,542.2,884.4,543.9,211.4,201.7,71.6,17.5,2741.4,7.7,261.0,2181.9,290.8,RAMNAGAR(BNGR),1.5,4.7,10.2,47.9,122.3,73.1,84.5,108.8,187.6,174.1,54.0,15.0,883.7,6.2,180.4,454.0,243.1,883.7
KARNATAKA,KODAGU,3.5,4.2,18.5,89.8,152.7,542.2,884.4,543.9,211.4,201.7,71.6,17.5,2741.4,7.7,261.0,2181.9,290.8,CHICKBALLAPUR,2.1,4.6,8.2,27.2,69.4,64.3,89.2,104.9,153.4,156.8,52.9,15.5,748.5,6.7,104.8,411.8,225.2,748.5
KARNATAKA,HASSAN,1.3,2.5,10.7,55.1,102.2,125.0,203.8,130.0,115.5,156.0,54.1,10.9,967.1,3.8,168.0,574.3,221.0,UTTAR KANNADA,0.3,0.1,2.7,22.1,114.0,740.9,1053.8,667.7,258.5,155.1,44.1,11.2,3070.5,0.4,138.8,2720.9,210.4,3070.5
KARNATAKA,HASSAN,1.3,2.5,10.7,55.1,102.2,125.0,203.8,130.0,115.5,156.0,54.1,10.9,967.1,3.8,168.0,574.3,221.0,DAKSHIN KANDA,1.9,0.7,6.4,39.8,180.9,977.2,1227.2,833.6,313.6,236.9,82.0,15.6,3915.8,2.6,227.1,3351.6,334.5,3915.8
KARNATAKA,HASSAN,1.3,2.5,10.7,55.1,102.2,125.0,203.8,130.0,115.5,156.0,54.1,10.9,967.1,3.8,168.0,574.3,221.0,UDUPI,1.4,0.4,4.1,29.4,193.8,1081.0,1371.6,902.2,404.9,223.8,74.6,18.8,4306.0,1.8,227.3,3759.7,317.2,4306.0
KARNATAKA,HASSAN,1.3,2.5,10.7,55.1,102.2,125.0,203.8,130.0,115.5,156.0,54.1,10.9,967.1,3.8,168.0,574.3,221.0,BELGAM,0.7,0.9,6.2,30.2,74.8,130.4,204.0,126.7,113.0,116.6,30.6,5.1,839.2,1.6,111.2,574.1,152.3,839.2
KARNATAKA,HASSAN,1.3,2.5,10.7,55.1,102.2,125.0,203.8,130.0,115.5,156.0,54.1,10.9,967.1,3.8,168.0,574.3,221.0,BIDAR,5.9,6.1,10.1,21.7,31.4,137.1,190.7,196.6,170.5,93.5,20.9,6.2,890.7,12.0,63.2,694.9,120.6,890.7
KARNATAKA,HASSAN,1.3,2.5,10.7,55.1,102.2,125.0,203.8,130.0,115.5,156.0,54.1,10.9,967.1,3.8,168.0,574.3,221.0,BIJAPUR,2.4,2.7,5.2,20.1,46.5,94.5,91.8,91.3,158.4,111.7,24.9,6.9,656.4,5.1,71.8,436.0,143.5,656.4
KARNATAKA,HASSAN,1.3,2.5,10.7,55.1,102.2,125.0,203.8,130.0,115.5,156.0,54.1,10.9,967.1,3.8,168.0,574.3,221.0,DHARWAD,2.3,3.2,6.9,46.6,82.5,113.8,149.1,101.6,119.5,120.4,39.6,6.2,791.7,5.5,136.0,484.0,166.2,791.7
KARNATAKA,HASSAN,1.3,2.5,10.7,55.1,102.2,125.0,203.8,130.0,115.5,156.0,54.1,10.9,967.1,3.8,168.0,574.3,221.0,GULBARGA,4.3,2.9,6.2,19.7,36.4,112.8,156.1,167.6,184.0,105.3,20.8,4.5,820.6,7.2,62.3,620.5,130.6,820.6
KARNATAKA,HASSAN,1.3,2.5,10.7,55.1,102.2,125.0,203.8,130.0,115.5,156.0,54.1,10.9,967.1,3.8,168.0,574.3,221.0,YADGIR,4.4,3.6,5.2,20.5,36.8,116.8,153.0,161.2,179.8,123.4,24.5,5.3,834.5,8.0,62.5,610.8,153.2,834.5
KARNATAKA,HASSAN,1.3,2.5,10.7,55.1,102.2,125.0,203.8,130.0,115.5,156.0,54.1,10.9,967.1,3.8,168.0,574.3,221.0,RAICHUR,1.4,2.0,4.1,17.7,40.5,81.7,110.2,122.2,147.5,110.5,21.4,5.9,665.1,3.4,62.3,461.6,137.8,665.1
KARNATAKA,HASSAN,1.3,2.5,10.7,55.1,102.2,125.0,203.8,130.0,115.5,156.0,54.1,10.9,967.1,3.8,168.0,574.3,221.0,BAGALKOTE,1.8,1.5,4.5,23.5,57.3,80.1,73.6,72.5,137.1,112.8,25.3,7.0,597.0,3.3,85.3,363.3,145.1,597.0
KARNATAKA,HASSAN,1.3,2.5,10.7,55.1,102.2,125.0,203.8,130.0,115.5,156.0,54.1,10.9,967.1,3.8,168.0,574.3,221.0,GADAG,1.2,1.0,3.9,33.5,71.7,85.1,70.4,75.3,137.5,121.1,33.0,7.5,641.2,2.2,109.1,368.3,161.6,641.2
KARNATAKA,HASSAN,1.3,2.5,10.7,55.1,102.2,125.0,203.8,130.0,115.5,156.0,54.1,10.9,967.1,3.8,168.0,574.3,221.0,HAVERI,0.3,0.5,4.0,43.6,78.5,114.7,169.8,111.1,99.5,119.0,43.9,7.0,791.9,0.8,126.1,495.1,169.9,791.9
KARNATAKA,HASSAN,1.3,2.5,10.7,55.1,102.2,125.0,203.8,130.0,115.5,156.0,54.1,10.9,967.1,3.8,168.0,574.3,221.0,KOPPAL,1.2,0.4,2.5,19.2,50.5,72.2,75.6,89.1,145.7,108.1,25.8,8.0,598.3,1.6,72.2,382.6,141.9,598.3
KARNATAKA,HASSAN,1.3,2.5,10.7,55.1,102.2,125.0,203.8,130.0,115.5,156.0,54.1,10.9,967.1,3.8,168.0,574.3,221.0,BANGALORE RUR,1.7,5.8,7.6,36.2,93.1,71.2,91.7,118.1,170.9,171.8,55.4,13.5,837.0,7.5,136.9,451.9,240.7,837.0
KARNATAKA,HASSAN,1.3,2.5,10.7,55.1,102.2,125.0,203.8,130.0,115.5,156.0,54.1,10.9,967.1,3.8,168.0,574.3,221.0,BELLARY,1.4,1.4,2.9,26.2,57.9,72.4,77.0,89.3,137.3,116.3,31.1,9.6,622.8,2.8,87.0,376.0,157.0,622.8
KARNATAKA,HASSAN,1.3,2.5,10.7,55.1,102.2,125.0,203.8,130.0,115.5,156.0,54.1,10.9,967.1,3.8,168.0,574.3,221.0,CHIKMAGALUR,1.6,2.0,12.0,60.2,105.9,395.0,662.1,425.0,175.2,167.4,58.8,12.3,2077.5,3.6,178.1,1657.3,238.5,2077.5
KARNATAKA,HASSAN,1.3,2.5,10.7,55.1,102.2,125.0,203.8,130.0,115.5,156.0,54.1,10.9,967.1,3.8,168.0,574.3,221.0,CHITRADURGA,1.4,1.2,4.4,25.8,64.9,50.5,56.1,58.9,105.5,116.4,33.8,8.8,527.7,2.6,95.1,271.0,159.0,527.7
KARNATAKA,HASSAN,1.3,2.5,10.7,55.1,102.2,125.0,203.8,130.0,115.5,156.0,54.1,10.9,967.1,3.8,168.0,574.3,221.0,KODAGU,3.5,4.2,18.5,89.8,152.7,542.2,884.4,543.9,211.4,201.7,71.6,17.5,2741.4,7.7,261.0,2181.9,290.8,2741.4
KARNATAKA,HASSAN,1.3,2.5,10.7,55.1,102.2,125.0,203.8,130.0,115.5,156.0,54.1,10.9,967.1,3.8,168.0,574.3,221.0,HASSAN,1.3,2.5,10.7,55.1,102.2,125.0,203.8,130.0,115.5,156.0,54.1,10.9,967.1,3.8,168.0,574.3,221.0,967.1
KARNATAKA,HASSAN,1.3,2.5,10.7,55.1,102.2,125.0,203.8,130.0,115.5,156.0,54.1,10.9,967.1,3.8,168.0,574.3,221.0,KOLAR,2.7,4.5,10.4,27.8,74.4,63.3,76.4,91.2,151.8,148.2,58.8,21.6,731.1,7.2,112.6,382.7,228.6,731.1
KARNATAKA,HASSAN,1.3,2.5,10.7,55.1,102.2,125.0,203.8,130.0,115.5,156.0,54.1,10.9,967.1,3.8,168.0,574.3,221.0,MANDYA,1.9,3.6,7.6,45.3,105.1,48.7,49.3,58.9,128.2,153.1,47.0,14.0,662.7,5.5,158.0,285.1,214.1,662.7
KARNATAKA,HASSAN,1.3,2.5,10.7,55.1,102.2,125.0,203.8,130.0,115.5,156.0,54.1,10.9,967.1,3.8,168.0,574.3,221.0,MYSORE,2.5,3.5,11.4,58.7,124.6,79.7,92.4,64.8,106.7,152.4,48.8,13.1,758.6,6.0,194.7,343.6,214.3,758.6
KARNATAKA,HASSAN,1.3,2.5,10.7,55.1,102.2,125.0,203.8,130.0,115.5,156.0,54.1,10.9,967.1,3.8,168.0,574.3,221.0,SHIMOGA,0.5,0.4,6.3,38.0,78.3,346.8,624.3,403.8,139.1,137.5,44.6,8.3,1827.9,0.9,122.6,1514.0,190.4,1827.9
KARNATAKA,HASSAN,1.3,2.5,10.7,55.1,102.2,125.0,203.8,130.0,115.5,156.0,54.1,10.9,967.1,3.8,168.0,574.3,221.0,TUMKUR,2.4,3.0,7.1,34.0,87.1,61.5,69.7,79.5,148.5,148.9,46.7,10.1,698.5,5.4,128.2,359.2,205.7,698.5
KARNATAKA,HASSAN,1.3,2.5,10.7,55.1,102.2,125.0,203.8,130.0,115.5,156.0,54.1,10.9,967.1,3.8,168.0,574.3,221.0,BANGALORE URB,2.3,6.7,8.2,39.2,106.3,73.9,91.6,128.9,181.3,159.7,53.9,18.0,870.0,9.0,153.7,475.7,231.6,870.0
KARNATAKA,HASSAN,1.3,2.5,10.7,55.1,102.2,125.0,203.8,130.0,115.5,156.0,54.1,10.9,967.1,3.8,168.0,574.3,221.0,CHAMARAJANAGA,3.4,6.0,13.2,69.2,131.2,61.8,68.7,66.0,124.1,157.8,62.7,24.3,788.4,9.4,213.6,320.6,244.8,788.4
KARNATAKA,HASSAN,1.3,2.5,10.7,55.1,102.2,125.0,203.8,130.0,115.5,156.0,54.1,10.9,967.1,3.8,168.0,574.3,221.0,DAVANGERE,1.1,0.8,4.2,35.0,74.0,78.7,102.9,87.0,116.3,124.4,44.9,7.4,676.7,1.9,113.2,384.9,176.7,676.7
KARNATAKA,HASSAN,1.3,2.5,10.7,55.1,102.2,125.0,203.8,130.0,115.5,156.0,54.1,10.9,967.1,3.8,168.0,574.3,221.0,RAMNAGAR(BNGR),1.5,4.7,10.2,47.9,122.3,73.1,84.5,108.8,187.6,174.1,54.0,15.0,883.7,6.2,180.4,454.0,243.1,883.7
KARNATAKA,HASSAN,1.3,2.5,10.7,55.1,102.2,125.0,203.8,130.0,115.5,156.0,54.1,10.9,967.1,3.8,168.0,574.3,221.0,CHICKBALLAPUR,2.1,4.6,8.2,27.2,69.4,64.3,89.2,104.9,153.4,156.8,52.9,15.5,748.5,6.7,104.8,411.8,225.2,748.5
KARNATAKA,KOLAR,2.7,4.5,10.4,27.8,74.4,63.3,76.4,91.2,151.8,148.2,58.8,21.6,731.1,7.2,112.6,382.7,228.6,UTTAR KANNADA,0.3,0.1,2.7,22.1,114.0,740.9,1053.8,667.7,258.5,155.1,44.1,11.2,3070.5,0.4,138.8,2720.9,210.4,3070.5
KARNATAKA,KOLAR,2.7,4.5,10.4,27.8,74.4,63.3,76.4,91.2,151.8,148.2,58.8,21.6,731.1,7.2,112.6,382.7,228.6,DAKSHIN KANDA,1.9,0.7,6.4,39.8,180.9,977.2,1227.2,833.6,313.6,236.9,82.0,15.6,3915.8,2.6,227.1,3351.6,334.5,3915.8
KARNATAKA,KOLAR,2.7,4.5,10.4,27.8,74.4,63.3,76.4,91.2,151.8,148.2,58.8,21.6,731.1,7.2,112.6,382.7,228.6,UDUPI,1.4,0.4,4.1,29.4,193.8,1081.0,1371.6,902.2,404.9,223.8,74.6,18.8,4306.0,1.8,227.3,3759.7,317.2,4306.0
KARNATAKA,KOLAR,2.7,4.5,10.4,27.8,74.4,63.3,76.4,91.2,151.8,148.2,58.8,21.6,731.1,7.2,112.6,382.7,228.6,BELGAM,0.7,0.9,6.2,30.2,74.8,130.4,204.0,126.7,113.0,116.6,30.6,5.1,839.2,1.6,111.2,574.1,152.3,839.2
KARNATAKA,KOLAR,2.7,4.5,10.4,27.8,74.4,63.3,76.4,91.2,151.8,148.2,58.8,21.6,731.1,7.2,112.6,382.7,228.6,BIDAR,5.9,6.1,10.1,21.7,31.4,137.1,190.7,196.6,170.5,93.5,20.9,6.2,890.7,12.0,63.2,694.9,120.6,890.7
KARNATAKA,KOLAR,2.7,4.5,10.4,27.8,74.4,63.3,76.4,91.2,151.8,148.2,58.8,21.6,731.1,7.2,112.6,382.7,228.6,BIJAPUR,2.4,2.7,5.2,20.1,46.5,94.5,91.8,91.3,158.4,111.7,24.9,6.9,656.4,5.1,71.8,436.0,143.5,656.4
KARNATAKA,KOLAR,2.7,4.5,10.4,27.8,74.4,63.3,76.4,91.2,151.8,148.2,58.8,21.6,731.1,7.2,112.6,382.7,228.6,DHARWAD,2.3,3.2,6.9,46.6,82.5,113.8,149.1,101.6,119.5,120.4,39.6,6.2,791.7,5.5,136.0,484.0,166.2,791.7
KARNATAKA,KOLAR,2.7,4.5,10.4,27.8,74.4,63.3,76.4,91.2,151.8,148.2,58.8,21.6,731.1,7.2,112.6,382.7,228.6,GULBARGA,4.3,2.9,6.2,19.7,36.4,112.8,156.1,167.6,184.0,105.3,20.8,4.5,820.6,7.2,62.3,620.5,130.6,820.6
KARNATAKA,KOLAR,2.7,4.5,10.4,27.8,74.4,63.3,76.4,91.2,151.8,148.2,58.8,21.6,731.1,7.2,112.6,382.7,228.6,YADGIR,4.4,3.6,5.2,20.5,36.8,116.8,153.0,161.2,179.8,123.4,24.5,5.3,834.5,8.0,62.5,610.8,153.2,834.5
KARNATAKA,KOLAR,2.7,4.5,10.4,27.8,74.4,63.3,76.4,91.2,151.8,148.2,58.8,21.6,731.1,7.2,112.6,382.7,228.6,RAICHUR,1.4,2.0,4.1,17.7,40.5,81.7,110.2,122.2,147.5,110.5,21.4,5.9,665.1,3.4,62.3,461.6,137.8,665.1
KARNATAKA,KOLAR,2.7,4.5,10.4,27.8,74.4,63.3,76.4,91.2,151.8,148.2,58.8,21.6,731.1,7.2,112.6,382.7,228.6,BAGALKOTE,1.8,1.5,4.5,23.5,57.3,80.1,73.6,72.5,137.1,112.8,25.3,7.0,597.0,3.3,85.3,363.3,145.1,597.0
KARNATAKA,KOLAR,2.7,4.5,10.4,27.8,74.4,63.3,76.4,91.2,151.8,148.2,58.8,21.6,731.1,7.2,112.6,382.7,228.6,GADAG,1.2,1.0,3.9,33.5,71.7,85.1,70.4,75.3,137.5,121.1,33.0,7.5,641.2,2.2,109.1,368.3,161.6,641.2
KARNATAKA,KOLAR,2.7,4.5,10.4,27.8,74.4,63.3,76.4,91.2,151.8,148.2,58.8,21.6,731.1,7.2,112.6,382.7,228.6,HAVERI,0.3,0.5,4.0,43.6,78.5,114.7,169.8,111.1,99.5,119.0,43.9,7.0,791.9,0.8,126.1,495.1,169.9,791.9
KARNATAKA,KOLAR,2.7,4.5,10.4,27.8,74.4,63.3,76.4,91.2,151.8,148.2,58.8,21.6,731.1,7.2,112.6,382.7,228.6,KOPPAL,1.2,0.4,2.5,19.2,50.5,72.2,75.6,89.1,145.7,108.1,25.8,8.0,598.3,1.6,72.2,382.6,141.9,598.3
KARNATAKA,KOLAR,2.7,4.5,10.4,27.8,74.4,63.3,76.4,91.2,151.8,148.2,58.8,21.6,731.1,7.2,112.6,382.7,228.6,BANGALORE RUR,1.7,5.8,7.6,36.2,93.1,71.2,91.7,118.1,170.9,171.8,55.4,13.5,837.0,7.5,136.9,451.9,240.7,837.0
KARNATAKA,KOLAR,2.7,4.5,10.4,27.8,74.4,63.3,76.4,91.2,151.8,148.2,58.8,21.6,731.1,7.2,112.6,382.7,228.6,BELLARY,1.4,1.4,2.9,26.2,57.9,72.4,77.0,89.3,137.3,116.3,31.1,9.6,622.8,2.8,87.0,376.0,157.0,622.8
KARNATAKA,KOLAR,2.7,4.5,10.4,27.8,74.4,63.3,76.4,91.2,151.8,148.2,58.8,21.6,731.1,7.2,112.6,382.7,228.6,CHIKMAGALUR,1.6,2.0,12.0,60.2,105.9,395.0,662.1,425.0,175.2,167.4,58.8,12.3,2077.5,3.6,178.1,1657.3,238.5,2077.5
KARNATAKA,KOLAR,2.7,4.5,10.4,27.8,74.4,63.3,76.4,91.2,151.8,148.2,58.8,21.6,731.1,7.2,112.6,382.7,228.6,CHITRADURGA,1.4,1.2,4.4,25.8,64.9,50.5,56.1,58.9,105.5,116.4,33.8,8.8,527.7,2.6,95.1,271.0,159.0,527.7
KARNATAKA,KOLAR,2.7,4.5,10.4,27.8,74.4,63.3,76.4,91.2,151.8,148.2,58.8,21.6,731.1,7.2,112.6,382.7,228.6,KODAGU,3.5,4.2,18.5,89.8,152.7,542.2,884.4,543.9,211.4,201.7,71.6,17.5,2741.4,7.7,261.0,2181.9,290.8,2741.4
KARNATAKA,KOLAR,2.7,4.5,10.4,27.8,74.4,63.3,76.4,91.2,151.8,148.2,58.8,21.6,731.1,7.2,112.6,382.7,228.6,HASSAN,1.3,2.5,10.7,55.1,102.2,125.0,203.8,130.0,115.5,156.0,54.1,10.9,967.1,3.8,168.0,574.3,221.0,967.1
KARNATAKA,KOLAR,2.7,4.5,10.4,27.8,74.4,63.3,76.4,91.2,151.8,148.2,58.8,21.6,731.1,7.2,112.6,382.7,228.6,KOLAR,2.7,4.5,10.4,27.8,74.4,63.3,76.4,91.2,151.8,148.2,58.8,21.6,731.1,7.2,112.6,382.7,228.6,731.1
KARNATAKA,KOLAR,2.7,4.5,10.4,27.8,74.4,63.3,76.4,91.2,151.8,148.2,58.8,21.6,731.1,7.2,112.6,382.7,228.6,MANDYA,1.9,3.6,7.6,45.3,105.1,48.7,49.3,58.9,128.2,153.1,47.0,14.0,662.7,5.5,158.0,285.1,214.1,662.7
KARNATAKA,KOLAR,2.7,4.5,10.4,27.8,74.4,63.3,76.4,91.2,151.8,148.2,58.8,21.6,731.1,7.2,112.6,382.7,228.6,MYSORE,2.5,3.5,11.4,58.7,124.6,79.7,92.4,64.8,106.7,152.4,48.8,13.1,758.6,6.0,194.7,343.6,214.3,758.6
KARNATAKA,KOLAR,2.7,4.5,10.4,27.8,74.4,63.3,76.4,91.2,151.8,148.2,58.8,21.6,731.1,7.2,112.6,382.7,228.6,SHIMOGA,0.5,0.4,6.3,38.0,78.3,346.8,624.3,403.8,139.1,137.5,44.6,8.3,1827.9,0.9,122.6,1514.0,190.4,1827.9
KARNATAKA,KOLAR,2.7,4.5,10.4,27.8,74.4,63.3,76.4,91.2,151.8,148.2,58.8,21.6,731.1,7.2,112.6,382.7,228.6,TUMKUR,2.4,3.0,7.1,34.0,87.1,61.5,69.7,79.5,148.5,148.9,46.7,10.1,698.5,5.4,128.2,359.2,205.7,698.5
KARNATAKA,KOLAR,2.7,4.5,10.4,27.8,74.4,63.3,76.4,91.2,151.8,148.2,58.8,21.6,731.1,7.2,112.6,382.7,228.6,BANGALORE URB,2.3,6.7,8.2,39.2,106.3,73.9,91.6,128.9,181.3,159.7,53.9,18.0,870.0,9.0,153.7,475.7,231.6,870.0
KARNATAKA,KOLAR,2.7,4.5,10.4,27.8,74.4,63.3,76.4,91.2,151.8,148.2,58.8,21.6,731.1,7.2,112.6,382.7,228.6,CHAMARAJANAGA,3.4,6.0,13.2,69.2,131.2,61.8,68.7,66.0,124.1,157.8,62.7,24.3,788.4,9.4,213.6,320.6,244.8,788.4
KARNATAKA,KOLAR,2.7,4.5,10.4,27.8,74.4,63.3,76.4,91.2,151.8,148.2,58.8,21.6,731.1,7.2,112.6,382.7,228.6,DAVANGERE,1.1,0.8,4.2,35.0,74.0,78.7,102.9,87.0,116.3,124.4,44.9,7.4,676.7,1.9,113.2,384.9,176.7,676.7
KARNATAKA,KOLAR,2.7,4.5,10.4,27.8,74.4,63.3,76.4,91.2,151.8,148.2,58.8,21.6,731.1,7.2,112.6,382.7,228.6,RAMNAGAR(BNGR),1.5,4.7,10.2,47.9,122.3,73.1,84.5,108.8,187.6,174.1,54.0,15.0,883.7,6.2,180.4,454.0,243.1,883.7
KARNATAKA,KOLAR,2.7,4.5,10.4,27.8,74.4,63.3,76.4,91.2,151.8,148.2,58.8,21.6,731.1,7.2,112.6,382.7,228.6,CHICKBALLAPUR,2.1,4.6,8.2,27.2,69.4,64.3,89.2,104.9,153.4,156.8,52.9,15.5,748.5,6.7,104.8,411.8,225.2,748.5
KARNATAKA,MANDYA,1.9,3.6,7.6,45.3,105.1,48.7,49.3,58.9,128.2,153.1,47.0,14.0,662.7,5.5,158.0,285.1,214.1,UTTAR KANNADA,0.3,0.1,2.7,22.1,114.0,740.9,1053.8,667.7,258.5,155.1,44.1,11.2,3070.5,0.4,138.8,2720.9,210.4,3070.5
KARNATAKA,MANDYA,1.9,3.6,7.6,45.3,105.1,48.7,49.3,58.9,128.2,153.1,47.0,14.0,662.7,5.5,158.0,285.1,214.1,DAKSHIN KANDA,1.9,0.7,6.4,39.8,180.9,977.2,1227.2,833.6,313.6,236.9,82.0,15.6,3915.8,2.6,227.1,3351.6,334.5,3915.8
KARNATAKA,MANDYA,1.9,3.6,7.6,45.3,105.1,48.7,49.3,58.9,128.2,153.1,47.0,14.0,662.7,5.5,158.0,285.1,214.1,UDUPI,1.4,0.4,4.1,29.4,193.8,1081.0,1371.6,902.2,404.9,223.8,74.6,18.8,4306.0,1.8,227.3,3759.7,317.2,4306.0
KARNATAKA,MANDYA,1.9,3.6,7.6,45.3,105.1,48.7,49.3,58.9,128.2,153.1,47.0,14.0,662.7,5.5,158.0,285.1,214.1,BELGAM,0.7,0.9,6.2,30.2,74.8,130.4,204.0,126.7,113.0,116.6,30.6,5.1,839.2,1.6,111.2,574.1,152.3,839.2
KARNATAKA,MANDYA,1.9,3.6,7.6,45.3,105.1,48.7,49.3,58.9,128.2,153.1,47.0,14.0,662.7,5.5,158.0,285.1,214.1,BIDAR,5.9,6.1,10.1,21.7,31.4,137.1,190.7,196.6,170.5,93.5,20.9,6.2,890.7,12.0,63.2,694.9,120.6,890.7
KARNATAKA,MANDYA,1.9,3.6,7.6,45.3,105.1,48.7,49.3,58.9,128.2,153.1,47.0,14.0,662.7,5.5,158.0,285.1,214.1,BIJAPUR,2.4,2.7,5.2,20.1,46.5,94.5,91.8,91.3,158.4,111.7,24.9,6.9,656.4,5.1,71.8,436.0,143.5,656.4
KARNATAKA,MANDYA,1.9,3.6,7.6,45.3,105.1,48.7,49.3,58.9,128.2,153.1,47.0,14.0,662.7,5.5,158.0,285.1,214.1,DHARWAD,2.3,3.2,6.9,46.6,82.5,113.8,149.1,101.6,119.5,120.4,39.6,6.2,791.7,5.5,136.0,484.0,166.2,791.7
KARNATAKA,MANDYA,1.9,3.6,7.6,45.3,105.1,48.7,49.3,58.9,128.2,153.1,47.0,14.0,662.7,5.5,158.0,285.1,214.1,GULBARGA,4.3,2.9,6.2,19.7,36.4,112.8,156.1,167.6,184.0,105.3,20.8,4.5,820.6,7.2,62.3,620.5,130.6,820.6
KARNATAKA,MANDYA,1.9,3.6,7.6,45.3,105.1,48.7,49.3,58.9,128.2,153.1,47.0,14.0,662.7,5.5,158.0,285.1,214.1,YADGIR,4.4,3.6,5.2,20.5,36.8,116.8,153.0,161.2,179.8,123.4,24.5,5.3,834.5,8.0,62.5,610.8,153.2,834.5
KARNATAKA,MANDYA,1.9,3.6,7.6,45.3,105.1,48.7,49.3,58.9,128.2,153.1,47.0,14.0,662.7,5.5,158.0,285.1,214.1,RAICHUR,1.4,2.0,4.1,17.7,40.5,81.7,110.2,122.2,147.5,110.5,21.4,5.9,665.1,3.4,62.3,461.6,137.8,665.1
KARNATAKA,MANDYA,1.9,3.6,7.6,45.3,105.1,48.7,49.3,58.9,128.2,153.1,47.0,14.0,662.7,5.5,158.0,285.1,214.1,BAGALKOTE,1.8,1.5,4.5,23.5,57.3,80.1,73.6,72.5,137.1,112.8,25.3,7.0,597.0,3.3,85.3,363.3,145.1,597.0
KARNATAKA,MANDYA,1.9,3.6,7.6,45.3,105.1,48.7,49.3,58.9,128.2,153.1,47.0,14.0,662.7,5.5,158.0,285.1,214.1,GADAG,1.2,1.0,3.9,33.5,71.7,85.1,70.4,75.3,137.5,121.1,33.0,7.5,641.2,2.2,109.1,368.3,161.6,641.2
KARNATAKA,MANDYA,1.9,3.6,7.6,45.3,105.1,48.7,49.3,58.9,128.2,153.1,47.0,14.0,662.7,5.5,158.0,285.1,214.1,HAVERI,0.3,0.5,4.0,43.6,78.5,114.7,169.8,111.1,99.5,119.0,43.9,7.0,791.9,0.8,126.1,495.1,169.9,791.9
KARNATAKA,MANDYA,1.9,3.6,7.6,45.3,105.1,48.7,49.3,58.9,128.2,153.1,47.0,14.0,662.7,5.5,158.0,285.1,214.1,KOPPAL,1.2,0.4,2.5,19.2,50.5,72.2,75.6,89.1,145.7,108.1,25.8,8.0,598.3,1.6,72.2,382.6,141.9,598.3
KARNATAKA,MANDYA,1.9,3.6,7.6,45.3,105.1,48.7,49.3,58.9,128.2,153.1,47.0,14.0,662.7,5.5,158.0,285.1,214.1,BANGALORE RUR,1.7,5.8,7.6,36.2,93.1,71.2,91.7,118.1,170.9,171.8,55.4,13.5,837.0,7.5,136.9,451.9,240.7,837.0
KARNATAKA,MANDYA,1.9,3.6,7.6,45.3,105.1,48.7,49.3,58.9,128.2,153.1,47.0,14.0,662.7,5.5,158.0,285.1,214.1,BELLARY,1.4,1.4,2.9,26.2,57.9,72.4,77.0,89.3,137.3,116.3,31.1,9.6,622.8,2.8,87.0,376.0,157.0,622.8
KARNATAKA,MANDYA,1.9,3.6,7.6,45.3,105.1,48.7,49.3,58.9,128.2,153.1,47.0,14.0,662.7,5.5,158.0,285.1,214.1,CHIKMAGALUR,1.6,2.0,12.0,60.2,105.9,395.0,662.1,425.0,175.2,167.4,58.8,12.3,2077.5,3.6,178.1,1657.3,238.5,2077.5
KARNATAKA,MANDYA,1.9,3.6,7.6,45.3,105.1,48.7,49.3,58.9,128.2,153.1,47.0,14.0,662.7,5.5,158.0,285.1,214.1,CHITRADURGA,1.4,1.2,4.4,25.8,64.9,50.5,56.1,58.9,105.5,116.4,33.8,8.8,527.7,2.6,95.1,271.0,159.0,527.7
KARNATAKA,MANDYA,1.9,3.6,7.6,45.3,105.1,48.7,49.3,58.9,128.2,153.1,47.0,14.0,662.7,5.5,158.0,285.1,214.1,KODAGU,3.5,4.2,18.5,89.8,152.7,542.2,884.4,543.9,211.4,201.7,71.6,17.5,2741.4,7.7,261.0,2181.9,290.8,2741.4
KARNATAKA,MANDYA,1.9,3.6,7.6,45.3,105.1,48.7,49.3,58.9,128.2,153.1,47.0,14.0,662.7,5.5,158.0,285.1,214.1,HASSAN,1.3,2.5,10.7,55.1,102.2,125.0,203.8,130.0,115.5,156.0,54.1,10.9,967.1,3.8,168.0,574.3,221.0,967.1
KARNATAKA,MANDYA,1.9,3.6,7.6,45.3,105.1,48.7,49.3,58.9,128.2,153.1,47.0,14.0,662.7,5.5,158.0,285.1,214.1,KOLAR,2.7,4.5,10.4,27.8,74.4,63.3,76.4,91.2,151.8,148.2,58.8,21.6,731.1,7.2,112.6,382.7,228.6,731.1
KARNATAKA,MANDYA,1.9,3.6,7.6,45.3,105.1,48.7,49.3,58.9,128.2,153.1,47.0,14.0,662.7,5.5,158.0,285.1,214.1,MANDYA,1.9,3.6,7.6,45.3,105.1,48.7,49.3,58.9,128.2,153.1,47.0,14.0,662.7,5.5,158.0,285.1,214.1,662.7
KARNATAKA,MANDYA,1.9,3.6,7.6,45.3,105.1,48.7,49.3,58.9,128.2,153.1,47.0,14.0,662.7,5.5,158.0,285.1,214.1,MYSORE,2.5,3.5,11.4,58.7,124.6,79.7,92.4,64.8,106.7,152.4,48.8,13.1,758.6,6.0,194.7,343.6,214.3,758.6
KARNATAKA,MANDYA,1.9,3.6,7.6,45.3,105.1,48.7,49.3,58.9,128.2,153.1,47.0,14.0,662.7,5.5,158.0,285.1,214.1,SHIMOGA,0.5,0.4,6.3,38.0,78.3,346.8,624.3,403.8,139.1,137.5,44.6,8.3,1827.9,0.9,122.6,1514.0,190.4,1827.9
KARNATAKA,MANDYA,1.9,3.6,7.6,45.3,105.1,48.7,49.3,58.9,128.2,153.1,47.0,14.0,662.7,5.5,158.0,285.1,214.1,TUMKUR,2.4,3.0,7.1,34.0,87.1,61.5,69.7,79.5,148.5,148.9,46.7,10.1,698.5,5.4,128.2,359.2,205.7,698.5
KARNATAKA,MANDYA,1.9,3.6,7.6,45.3,105.1,48.7,49.3,58.9,128.2,153.1,47.0,14.0,662.7,5.5,158.0,285.1,214.1,BANGALORE URB,2.3,6.7,8.2,39.2,106.3,73.9,91.6,128.9,181.3,159.7,53.9,18.0,870.0,9.0,153.7,475.7,231.6,870.0
KARNATAKA,MANDYA,1.9,3.6,7.6,45.3,105.1,48.7,49.3,58.9,128.2,153.1,47.0,14.0,662.7,5.5,158.0,285.1,214.1,CHAMARAJANAGA,3.4,6.0,13.2,69.2,131.2,61.8,68.7,66.0,124.1,157.8,62.7,24.3,788.4,9.4,213.6,320.6,244.8,788.4
KARNATAKA,MANDYA,1.9,3.6,7.6,45.3,105.1,48.7,49.3,58.9,128.2,153.1,47.0,14.0,662.7,5.5,158.0,285.1,214.1,DAVANGERE,1.1,0.8,4.2,35.0,74.0,78.7,102.9,87.0,116.3,124.4,44.9,7.4,676.7,1.9,113.2,384.9,176.7,676.7
KARNATAKA,MANDYA,1.9,3.6,7.6,45.3,105.1,48.7,49.3,58.9,128.2,153.1,47.0,14.0,662.7,5.5,158.0,285.1,214.1,RAMNAGAR(BNGR),1.5,4.7,10.2,47.9,122.3,73.1,84.5,108.8,187.6,174.1,54.0,15.0,883.7,6.2,180.4,454.0,243.1,883.7
KARNATAKA,MANDYA,1.9,3.6,7.6,45.3,105.1,48.7,49.3,58.9,128.2,153.1,47.0,14.0,662.7,5.5,158.0,285.1,214.1,CHICKBALLAPUR,2.1,4.6,8.2,27.2,69.4,64.3,89.2,104.9,153.4,156.8,52.9,15.5,748.5,6.7,104.8,411.8,225.2,748.5
KARNATAKA,MYSORE,2.5,3.5,11.4,58.7,124.6,79.7,92.4,64.8,106.7,152.4,48.8,13.1,758.6,6.0,194.7,343.6,214.3,UTTAR KANNADA,0.3,0.1,2.7,22.1,114.0,740.9,1053.8,667.7,258.5,155.1,44.1,11.2,3070.5,0.4,138.8,2720.9,210.4,3070.5
KARNATAKA,MYSORE,2.5,3.5,11.4,58.7,124.6,79.7,92.4,64.8,106.7,152.4,48.8,13.1,758.6,6.0,194.7,343.6,214.3,DAKSHIN KANDA,1.9,0.7,6.4,39.8,180.9,977.2,1227.2,833.6,313.6,236.9,82.0,15.6,3915.8,2.6,227.1,3351.6,334.5,3915.8
KARNATAKA,MYSORE,2.5,3.5,11.4,58.7,124.6,79.7,92.4,64.8,106.7,152.4,48.8,13.1,758.6,6.0,194.7,343.6,214.3,UDUPI,1.4,0.4,4.1,29.4,193.8,1081.0,1371.6,902.2,404.9,223.8,74.6,18.8,4306.0,1.8,227.3,3759.7,317.2,4306.0
KARNATAKA,MYSORE,2.5,3.5,11.4,58.7,124.6,79.7,92.4,64.8,106.7,152.4,48.8,13.1,758.6,6.0,194.7,343.6,214.3,BELGAM,0.7,0.9,6.2,30.2,74.8,130.4,204.0,126.7,113.0,116.6,30.6,5.1,839.2,1.6,111.2,574.1,152.3,839.2
KARNATAKA,MYSORE,2.5,3.5,11.4,58.7,124.6,79.7,92.4,64.8,106.7,152.4,48.8,13.1,758.6,6.0,194.7,343.6,214.3,BIDAR,5.9,6.1,10.1,21.7,31.4,137.1,190.7,196.6,170.5,93.5,20.9,6.2,890.7,12.0,63.2,694.9,120.6,890.7
KARNATAKA,MYSORE,2.5,3.5,11.4,58.7,124.6,79.7,92.4,64.8,106.7,152.4,48.8,13.1,758.6,6.0,194.7,343.6,214.3,BIJAPUR,2.4,2.7,5.2,20.1,46.5,94.5,91.8,91.3,158.4,111.7,24.9,6.9,656.4,5.1,71.8,436.0,143.5,656.4
KARNATAKA,MYSORE,2.5,3.5,11.4,58.7,124.6,79.7,92.4,64.8,106.7,152.4,48.8,13.1,758.6,6.0,194.7,343.6,214.3,DHARWAD,2.3,3.2,6.9,46.6,82.5,113.8,149.1,101.6,119.5,120.4,39.6,6.2,791.7,5.5,136.0,484.0,166.2,791.7
KARNATAKA,MYSORE,2.5,3.5,11.4,58.7,124.6,79.7,92.4,64.8,106.7,152.4,48.8,13.1,758.6,6.0,194.7,343.6,214.3,GULBARGA,4.3,2.9,6.2,19.7,36.4,112.8,156.1,167.6,184.0,105.3,20.8,4.5,820.6,7.2,62.3,620.5,130.6,820.6
KARNATAKA,MYSORE,2.5,3.5,11.4,58.7,124.6,79.7,92.4,64.8,106.7,152.4,48.8,13.1,758.6,6.0,194.7,343.6,214.3,YADGIR,4.4,3.6,5.2,20.5,36.8,116.8,153.0,161.2,179.8,123.4,24.5,5.3,834.5,8.0,62.5,610.8,153.2,834.5
KARNATAKA,MYSORE,2.5,3.5,11.4,58.7,124.6,79.7,92.4,64.8,106.7,152.4,48.8,13.1,758.6,6.0,194.7,343.6,214.3,RAICHUR,1.4,2.0,4.1,17.7,40.5,81.7,110.2,122.2,147.5,110.5,21.4,5.9,665.1,3.4,62.3,461.6,137.8,665.1
KARNATAKA,MYSORE,2.5,3.5,11.4,58.7,124.6,79.7,92.4,64.8,106.7,152.4,48.8,13.1,758.6,6.0,194.7,343.6,214.3,BAGALKOTE,1.8,1.5,4.5,23.5,57.3,80.1,73.6,72.5,137.1,112.8,25.3,7.0,597.0,3.3,85.3,363.3,145.1,597.0
KARNATAKA,MYSORE,2.5,3.5,11.4,58.7,124.6,79.7,92.4,64.8,106.7,152.4,48.8,13.1,758.6,6.0,194.7,343.6,214.3,GADAG,1.2,1.0,3.9,33.5,71.7,85.1,70.4,75.3,137.5,121.1,33.0,7.5,641.2,2.2,109.1,368.3,161.6,641.2
KARNATAKA,MYSORE,2.5,3.5,11.4,58.7,124.6,79.7,92.4,64.8,106.7,152.4,48.8,13.1,758.6,6.0,194.7,343.6,214.3,HAVERI,0.3,0.5,4.0,43.6,78.5,114.7,169.8,111.1,99.5,119.0,43.9,7.0,791.9,0.8,126.1,495.1,169.9,791.9
KARNATAKA,MYSORE,2.5,3.5,11.4,58.7,124.6,79.7,92.4,64.8,106.7,152.4,48.8,13.1,758.6,6.0,194.7,343.6,214.3,KOPPAL,1.2,0.4,2.5,19.2,50.5,72.2,75.6,89.1,145.7,108.1,25.8,8.0,598.3,1.6,72.2,382.6,141.9,598.3
KARNATAKA,MYSORE,2.5,3.5,11.4,58.7,124.6,79.7,92.4,64.8,106.7,152.4,48.8,13.1,758.6,6.0,194.7,343.6,214.3,BANGALORE RUR,1.7,5.8,7.6,36.2,93.1,71.2,91.7,118.1,170.9,171.8,55.4,13.5,837.0,7.5,136.9,451.9,240.7,837.0
KARNATAKA,MYSORE,2.5,3.5,11.4,58.7,124.6,79.7,92.4,64.8,106.7,152.4,48.8,13.1,758.6,6.0,194.7,343.6,214.3,BELLARY,1.4,1.4,2.9,26.2,57.9,72.4,77.0,89.3,137.3,116.3,31.1,9.6,622.8,2.8,87.0,376.0,157.0,622.8
KARNATAKA,MYSORE,2.5,3.5,11.4,58.7,124.6,79.7,92.4,64.8,106.7,152.4,48.8,13.1,758.6,6.0,194.7,343.6,214.3,CHIKMAGALUR,1.6,2.0,12.0,60.2,105.9,395.0,662.1,425.0,175.2,167.4,58.8,12.3,2077.5,3.6,178.1,1657.3,238.5,2077.5
KARNATAKA,MYSORE,2.5,3.5,11.4,58.7,124.6,79.7,92.4,64.8,106.7,152.4,48.8,13.1,758.6,6.0,194.7,343.6,214.3,CHITRADURGA,1.4,1.2,4.4,25.8,64.9,50.5,56.1,58.9,105.5,116.4,33.8,8.8,527.7,2.6,95.1,271.0,159.0,527.7
KARNATAKA,MYSORE,2.5,3.5,11.4,58.7,124.6,79.7,92.4,64.8,106.7,152.4,48.8,13.1,758.6,6.0,194.7,343.6,214.3,KODAGU,3.5,4.2,18.5,89.8,152.7,542.2,884.4,543.9,211.4,201.7,71.6,17.5,2741.4,7.7,261.0,2181.9,290.8,2741.4
KARNATAKA,MYSORE,2.5,3.5,11.4,58.7,124.6,79.7,92.4,64.8,106.7,152.4,48.8,13.1,758.6,6.0,194.7,343.6,214.3,HASSAN,1.3,2.5,10.7,55.1,102.2,125.0,203.8,130.0,115.5,156.0,54.1,10.9,967.1,3.8,168.0,574.3,221.0,967.1
KARNATAKA,MYSORE,2.5,3.5,11.4,58.7,124.6,79.7,92.4,64.8,106.7,152.4,48.8,13.1,758.6,6.0,194.7,343.6,214.3,KOLAR,2.7,4.5,10.4,27.8,74.4,63.3,76.4,91.2,151.8,148.2,58.8,21.6,731.1,7.2,112.6,382.7,228.6,731.1
KARNATAKA,MYSORE,2.5,3.5,11.4,58.7,124.6,79.7,92.4,64.8,106.7,152.4,48.8,13.1,758.6,6.0,194.7,343.6,214.3,MANDYA,1.9,3.6,7.6,45.3,105.1,48.7,49.3,58.9,128.2,153.1,47.0,14.0,662.7,5.5,158.0,285.1,214.1,662.7
KARNATAKA,MYSORE,2.5,3.5,11.4,58.7,124.6,79.7,92.4,64.8,106.7,152.4,48.8,13.1,758.6,6.0,194.7,343.6,214.3,MYSORE,2.5,3.5,11.4,58.7,124.6,79.7,92.4,64.8,106.7,152.4,48.8,13.1,758.6,6.0,194.7,343.6,214.3,758.6
KARNATAKA,MYSORE,2.5,3.5,11.4,58.7,124.6,79.7,92.4,64.8,106.7,152.4,48.8,13.1,758.6,6.0,194.7,343.6,214.3,SHIMOGA,0.5,0.4,6.3,38.0,78.3,346.8,624.3,403.8,139.1,137.5,44.6,8.3,1827.9,0.9,122.6,1514.0,190.4,1827.9
KARNATAKA,MYSORE,2.5,3.5,11.4,58.7,124.6,79.7,92.4,64.8,106.7,152.4,48.8,13.1,758.6,6.0,194.7,343.6,214.3,TUMKUR,2.4,3.0,7.1,34.0,87.1,61.5,69.7,79.5,148.5,148.9,46.7,10.1,698.5,5.4,128.2,359.2,205.7,698.5
KARNATAKA,MYSORE,2.5,3.5,11.4,58.7,124.6,79.7,92.4,64.8,106.7,152.4,48.8,13.1,758.6,6.0,194.7,343.6,214.3,BANGALORE URB,2.3,6.7,8.2,39.2,106.3,73.9,91.6,128.9,181.3,159.7,53.9,18.0,870.0,9.0,153.7,475.7,231.6,870.0
KARNATAKA,MYSORE,2.5,3.5,11.4,58.7,124.6,79.7,92.4,64.8,106.7,152.4,48.8,13.1,758.6,6.0,194.7,343.6,214.3,CHAMARAJANAGA,3.4,6.0,13.2,69.2,131.2,61.8,68.7,66.0,124.1,157.8,62.7,24.3,788.4,9.4,213.6,320.6,244.8,788.4
KARNATAKA,MYSORE,2.5,3.5,11.4,58.7,124.6,79.7,92.4,64.8,106.7,152.4,48.8,13.1,758.6,6.0,194.7,343.6,214.3,DAVANGERE,1.1,0.8,4.2,35.0,74.0,78.7,102.9,87.0,116.3,124.4,44.9,7.4,676.7,1.9,113.2,384.9,176.7,676.7
KARNATAKA,MYSORE,2.5,3.5,11.4,58.7,124.6,79.7,92.4,64.8,106.7,152.4,48.8,13.1,758.6,6.0,194.7,343.6,214.3,RAMNAGAR(BNGR),1.5,4.7,10.2,47.9,122.3,73.1,84.5,108.8,187.6,174.1,54.0,15.0,883.7,6.2,180.4,454.0,243.1,883.7
KARNATAKA,MYSORE,2.5,3.5,11.4,58.7,124.6,79.7,92.4,64.8,106.7,152.4,48.8,13.1,758.6,6.0,194.7,343.6,214.3,CHICKBALLAPUR,2.1,4.6,8.2,27.2,69.4,64.3,89.2,104.9,153.4,156.8,52.9,15.5,748.5,6.7,104.8,411.8,225.2,748.5
KARNATAKA,SHIMOGA,0.5,0.4,6.3,38.0,78.3,346.8,624.3,403.8,139.1,137.5,44.6,8.3,1827.9,0.9,122.6,1514.0,190.4,UTTAR KANNADA,0.3,0.1,2.7,22.1,114.0,740.9,1053.8,667.7,258.5,155.1,44.1,11.2,3070.5,0.4,138.8,2720.9,210.4,3070.5
KARNATAKA,SHIMOGA,0.5,0.4,6.3,38.0,78.3,346.8,624.3,403.8,139.1,137.5,44.6,8.3,1827.9,0.9,122.6,1514.0,190.4,DAKSHIN KANDA,1.9,0.7,6.4,39.8,180.9,977.2,1227.2,833.6,313.6,236.9,82.0,15.6,3915.8,2.6,227.1,3351.6,334.5,3915.8
KARNATAKA,SHIMOGA,0.5,0.4,6.3,38.0,78.3,346.8,624.3,403.8,139.1,137.5,44.6,8.3,1827.9,0.9,122.6,1514.0,190.4,UDUPI,1.4,0.4,4.1,29.4,193.8,1081.0,1371.6,902.2,404.9,223.8,74.6,18.8,4306.0,1.8,227.3,3759.7,317.2,4306.0
KARNATAKA,SHIMOGA,0.5,0.4,6.3,38.0,78.3,346.8,624.3,403.8,139.1,137.5,44.6,8.3,1827.9,0.9,122.6,1514.0,190.4,BELGAM,0.7,0.9,6.2,30.2,74.8,130.4,204.0,126.7,113.0,116.6,30.6,5.1,839.2,1.6,111.2,574.1,152.3,839.2
KARNATAKA,SHIMOGA,0.5,0.4,6.3,38.0,78.3,346.8,624.3,403.8,139.1,137.5,44.6,8.3,1827.9,0.9,122.6,1514.0,190.4,BIDAR,5.9,6.1,10.1,21.7,31.4,137.1,190.7,196.6,170.5,93.5,20.9,6.2,890.7,12.0,63.2,694.9,120.6,890.7
KARNATAKA,SHIMOGA,0.5,0.4,6.3,38.0,78.3,346.8,624.3,403.8,139.1,137.5,44.6,8.3,1827.9,0.9,122.6,1514.0,190.4,BIJAPUR,2.4,2.7,5.2,20.1,46.5,94.5,91.8,91.3,158.4,111.7,24.9,6.9,656.4,5.1,71.8,436.0,143.5,656.4
KARNATAKA,SHIMOGA,0.5,0.4,6.3,38.0,78.3,346.8,624.3,403.8,139.1,137.5,44.6,8.3,1827.9,0.9,122.6,1514.0,190.4,DHARWAD,2.3,3.2,6.9,46.6,82.5,113.8,149.1,101.6,119.5,120.4,39.6,6.2,791.7,5.5,136.0,484.0,166.2,791.7
KARNATAKA,SHIMOGA,0.5,0.4,6.3,38.0,78.3,346.8,624.3,403.8,139.1,137.5,44.6,8.3,1827.9,0.9,122.6,1514.0,190.4,GULBARGA,4.3,2.9,6.2,19.7,36.4,112.8,156.1,167.6,184.0,105.3,20.8,4.5,820.6,7.2,62.3,620.5,130.6,820.6
KARNATAKA,SHIMOGA,0.5,0.4,6.3,38.0,78.3,346.8,624.3,403.8,139.1,137.5,44.6,8.3,1827.9,0.9,122.6,1514.0,190.4,YADGIR,4.4,3.6,5.2,20.5,36.8,116.8,153.0,161.2,179.8,123.4,24.5,5.3,834.5,8.0,62.5,610.8,153.2,834.5
KARNATAKA,SHIMOGA,0.5,0.4,6.3,38.0,78.3,346.8,624.3,403.8,139.1,137.5,44.6,8.3,1827.9,0.9,122.6,1514.0,190.4,RAICHUR,1.4,2.0,4.1,17.7,40.5,81.7,110.2,122.2,147.5,110.5,21.4,5.9,665.1,3.4,62.3,461.6,137.8,665.1
KARNATAKA,SHIMOGA,0.5,0.4,6.3,38.0,78.3,346.8,624.3,403.8,139.1,137.5,44.6,8.3,1827.9,0.9,122.6,1514.0,190.4,BAGALKOTE,1.8,1.5,4.5,23.5,57.3,80.1,73.6,72.5,137.1,112.8,25.3,7.0,597.0,3.3,85.3,363.3,145.1,597.0
KARNATAKA,SHIMOGA,0.5,0.4,6.3,38.0,78.3,346.8,624.3,403.8,139.1,137.5,44.6,8.3,1827.9,0.9,122.6,1514.0,190.4,GADAG,1.2,1.0,3.9,33.5,71.7,85.1,70.4,75.3,137.5,121.1,33.0,7.5,641.2,2.2,109.1,368.3,161.6,641.2
KARNATAKA,SHIMOGA,0.5,0.4,6.3,38.0,78.3,346.8,624.3,403.8,139.1,137.5,44.6,8.3,1827.9,0.9,122.6,1514.0,190.4,HAVERI,0.3,0.5,4.0,43.6,78.5,114.7,169.8,111.1,99.5,119.0,43.9,7.0,791.9,0.8,126.1,495.1,169.9,791.9
KARNATAKA,SHIMOGA,0.5,0.4,6.3,38.0,78.3,346.8,624.3,403.8,139.1,137.5,44.6,8.3,1827.9,0.9,122.6,1514.0,190.4,KOPPAL,1.2,0.4,2.5,19.2,50.5,72.2,75.6,89.1,145.7,108.1,25.8,8.0,598.3,1.6,72.2,382.6,141.9,598.3
KARNATAKA,SHIMOGA,0.5,0.4,6.3,38.0,78.3,346.8,624.3,403.8,139.1,137.5,44.6,8.3,1827.9,0.9,122.6,1514.0,190.4,BANGALORE RUR,1.7,5.8,7.6,36.2,93.1,71.2,91.7,118.1,170.9,171.8,55.4,13.5,837.0,7.5,136.9,451.9,240.7,837.0
KARNATAKA,SHIMOGA,0.5,0.4,6.3,38.0,78.3,346.8,624.3,403.8,139.1,137.5,44.6,8.3,1827.9,0.9,122.6,1514.0,190.4,BELLARY,1.4,1.4,2.9,26.2,57.9,72.4,77.0,89.3,137.3,116.3,31.1,9.6,622.8,2.8,87.0,376.0,157.0,622.8
KARNATAKA,SHIMOGA,0.5,0.4,6.3,38.0,78.3,346.8,624.3,403.8,139.1,137.5,44.6,8.3,1827.9,0.9,122.6,1514.0,190.4,CHIKMAGALUR,1.6,2.0,12.0,60.2,105.9,395.0,662.1,425.0,175.2,167.4,58.8,12.3,2077.5,3.6,178.1,1657.3,238.5,2077.5
KARNATAKA,SHIMOGA,0.5,0.4,6.3,38.0,78.3,346.8,624.3,403.8,139.1,137.5,44.6,8.3,1827.9,0.9,122.6,1514.0,190.4,CHITRADURGA,1.4,1.2,4.4,25.8,64.9,50.5,56.1,58.9,105.5,116.4,33.8,8.8,527.7,2.6,95.1,271.0,159.0,527.7
KARNATAKA,SHIMOGA,0.5,0.4,6.3,38.0,78.3,346.8,624.3,403.8,139.1,137.5,44.6,8.3,1827.9,0.9,122.6,1514.0,190.4,KODAGU,3.5,4.2,18.5,89.8,152.7,542.2,884.4,543.9,211.4,201.7,71.6,17.5,2741.4,7.7,261.0,2181.9,290.8,2741.4
KARNATAKA,SHIMOGA,0.5,0.4,6.3,38.0,78.3,346.8,624.3,403.8,139.1,137.5,44.6,8.3,1827.9,0.9,122.6,1514.0,190.4,HASSAN,1.3,2.5,10.7,55.1,102.2,125.0,203.8,130.0,115.5,156.0,54.1,10.9,967.1,3.8,168.0,574.3,221.0,967.1
KARNATAKA,SHIMOGA,0.5,0.4,6.3,38.0,78.3,346.8,624.3,403.8,139.1,137.5,44.6,8.3,1827.9,0.9,122.6,1514.0,190.4,KOLAR,2.7,4.5,10.4,27.8,74.4,63.3,76.4,91.2,151.8,148.2,58.8,21.6,731.1,7.2,112.6,382.7,228.6,731.1
KARNATAKA,SHIMOGA,0.5,0.4,6.3,38.0,78.3,346.8,624.3,403.8,139.1,137.5,44.6,8.3,1827.9,0.9,122.6,1514.0,190.4,MANDYA,1.9,3.6,7.6,45.3,105.1,48.7,49.3,58.9,128.2,153.1,47.0,14.0,662.7,5.5,158.0,285.1,214.1,662.7
KARNATAKA,SHIMOGA,0.5,0.4,6.3,38.0,78.3,346.8,624.3,403.8,139.1,137.5,44.6,8.3,1827.9,0.9,122.6,1514.0,190.4,MYSORE,2.5,3.5,11.4,58.7,124.6,79.7,92.4,64.8,106.7,152.4,48.8,13.1,758.6,6.0,194.7,343.6,214.3,758.6
KARNATAKA,SHIMOGA,0.5,0.4,6.3,38.0,78.3,346.8,624.3,403.8,139.1,137.5,44.6,8.3,1827.9,0.9,122.6,1514.0,190.4,SHIMOGA,0.5,0.4,6.3,38.0,78.3,346.8,624.3,403.8,139.1,137.5,44.6,8.3,1827.9,0.9,122.6,1514.0,190.4,1827.9
KARNATAKA,SHIMOGA,0.5,0.4,6.3,38.0,78.3,346.8,624.3,403.8,139.1,137.5,44.6,8.3,1827.9,0.9,122.6,1514.0,190.4,TUMKUR,2.4,3.0,7.1,34.0,87.1,61.5,69.7,79.5,148.5,148.9,46.7,10.1,698.5,5.4,128.2,359.2,205.7,698.5
KARNATAKA,SHIMOGA,0.5,0.4,6.3,38.0,78.3,346.8,624.3,403.8,139.1,137.5,44.6,8.3,1827.9,0.9,122.6,1514.0,190.4,BANGALORE URB,2.3,6.7,8.2,39.2,106.3,73.9,91.6,128.9,181.3,159.7,53.9,18.0,870.0,9.0,153.7,475.7,231.6,870.0
KARNATAKA,SHIMOGA,0.5,0.4,6.3,38.0,78.3,346.8,624.3,403.8,139.1,137.5,44.6,8.3,1827.9,0.9,122.6,1514.0,190.4,CHAMARAJANAGA,3.4,6.0,13.2,69.2,131.2,61.8,68.7,66.0,124.1,157.8,62.7,24.3,788.4,9.4,213.6,320.6,244.8,788.4
KARNATAKA,SHIMOGA,0.5,0.4,6.3,38.0,78.3,346.8,624.3,403.8,139.1,137.5,44.6,8.3,1827.9,0.9,122.6,1514.0,190.4,DAVANGERE,1.1,0.8,4.2,35.0,74.0,78.7,102.9,87.0,116.3,124.4,44.9,7.4,676.7,1.9,113.2,384.9,176.7,676.7
KARNATAKA,SHIMOGA,0.5,0.4,6.3,38.0,78.3,346.8,624.3,403.8,139.1,137.5,44.6,8.3,1827.9,0.9,122.6,1514.0,190.4,RAMNAGAR(BNGR),1.5,4.7,10.2,47.9,122.3,73.1,84.5,108.8,187.6,174.1,54.0,15.0,883.7,6.2,180.4,454.0,243.1,883.7
KARNATAKA,SHIMOGA,0.5,0.4,6.3,38.0,78.3,346.8,624.3,403.8,139.1,137.5,44.6,8.3,1827.9,0.9,122.6,1514.0,190.4,CHICKBALLAPUR,2.1,4.6,8.2,27.2,69.4,64.3,89.2,104.9,153.4,156.8,52.9,15.5,748.5,6.7,104.8,411.8,225.2,748.5
KARNATAKA,TUMKUR,2.4,3.0,7.1,34.0,87.1,61.5,69.7,79.5,148.5,148.9,46.7,10.1,698.5,5.4,128.2,359.2,205.7,UTTAR KANNADA,0.3,0.1,2.7,22.1,114.0,740.9,1053.8,667.7,258.5,155.1,44.1,11.2,3070.5,0.4,138.8,2720.9,210.4,3070.5
KARNATAKA,TUMKUR,2.4,3.0,7.1,34.0,87.1,61.5,69.7,79.5,148.5,148.9,46.7,10.1,698.5,5.4,128.2,359.2,205.7,DAKSHIN KANDA,1.9,0.7,6.4,39.8,180.9,977.2,1227.2,833.6,313.6,236.9,82.0,15.6,3915.8,2.6,227.1,3351.6,334.5,3915.8
KARNATAKA,TUMKUR,2.4,3.0,7.1,34.0,87.1,61.5,69.7,79.5,148.5,148.9,46.7,10.1,698.5,5.4,128.2,359.2,205.7,UDUPI,1.4,0.4,4.1,29.4,193.8,1081.0,1371.6,902.2,404.9,223.8,74.6,18.8,4306.0,1.8,227.3,3759.7,317.2,4306.0
KARNATAKA,TUMKUR,2.4,3.0,7.1,34.0,87.1,61.5,69.7,79.5,148.5,148.9,46.7,10.1,698.5,5.4,128.2,359.2,205.7,BELGAM,0.7,0.9,6.2,30.2,74.8,130.4,204.0,126.7,113.0,116.6,30.6,5.1,839.2,1.6,111.2,574.1,152.3,839.2
KARNATAKA,TUMKUR,2.4,3.0,7.1,34.0,87.1,61.5,69.7,79.5,148.5,148.9,46.7,10.1,698.5,5.4,128.2,359.2,205.7,BIDAR,5.9,6.1,10.1,21.7,31.4,137.1,190.7,196.6,170.5,93.5,20.9,6.2,890.7,12.0,63.2,694.9,120.6,890.7
KARNATAKA,TUMKUR,2.4,3.0,7.1,34.0,87.1,61.5,69.7,79.5,148.5,148.9,46.7,10.1,698.5,5.4,128.2,359.2,205.7,BIJAPUR,2.4,2.7,5.2,20.1,46.5,94.5,91.8,91.3,158.4,111.7,24.9,6.9,656.4,5.1,71.8,436.0,143.5,656.4
KARNATAKA,TUMKUR,2.4,3.0,7.1,34.0,87.1,61.5,69.7,79.5,148.5,148.9,46.7,10.1,698.5,5.4,128.2,359.2,205.7,DHARWAD,2.3,3.2,6.9,46.6,82.5,113.8,149.1,101.6,119.5,120.4,39.6,6.2,791.7,5.5,136.0,484.0,166.2,791.7
KARNATAKA,TUMKUR,2.4,3.0,7.1,34.0,87.1,61.5,69.7,79.5,148.5,148.9,46.7,10.1,698.5,5.4,128.2,359.2,205.7,GULBARGA,4.3,2.9,6.2,19.7,36.4,112.8,156.1,167.6,184.0,105.3,20.8,4.5,820.6,7.2,62.3,620.5,130.6,820.6
KARNATAKA,TUMKUR,2.4,3.0,7.1,34.0,87.1,61.5,69.7,79.5,148.5,148.9,46.7,10.1,698.5,5.4,128.2,359.2,205.7,YADGIR,4.4,3.6,5.2,20.5,36.8,116.8,153.0,161.2,179.8,123.4,24.5,5.3,834.5,8.0,62.5,610.8,153.2,834.5
KARNATAKA,TUMKUR,2.4,3.0,7.1,34.0,87.1,61.5,69.7,79.5,148.5,148.9,46.7,10.1,698.5,5.4,128.2,359.2,205.7,RAICHUR,1.4,2.0,4.1,17.7,40.5,81.7,110.2,122.2,147.5,110.5,21.4,5.9,665.1,3.4,62.3,461.6,137.8,665.1
KARNATAKA,TUMKUR,2.4,3.0,7.1,34.0,87.1,61.5,69.7,79.5,148.5,148.9,46.7,10.1,698.5,5.4,128.2,359.2,205.7,BAGALKOTE,1.8,1.5,4.5,23.5,57.3,80.1,73.6,72.5,137.1,112.8,25.3,7.0,597.0,3.3,85.3,363.3,145.1,597.0
KARNATAKA,TUMKUR,2.4,3.0,7.1,34.0,87.1,61.5,69.7,79.5,148.5,148.9,46.7,10.1,698.5,5.4,128.2,359.2,205.7,GADAG,1.2,1.0,3.9,33.5,71.7,85.1,70.4,75.3,137.5,121.1,33.0,7.5,641.2,2.2,109.1,368.3,161.6,641.2
KARNATAKA,TUMKUR,2.4,3.0,7.1,34.0,87.1,61.5,69.7,79.5,148.5,148.9,46.7,10.1,698.5,5.4,128.2,359.2,205.7,HAVERI,0.3,0.5,4.0,43.6,78.5,114.7,169.8,111.1,99.5,119.0,43.9,7.0,791.9,0.8,126.1,495.1,169.9,791.9
KARNATAKA,TUMKUR,2.4,3.0,7.1,34.0,87.1,61.5,69.7,79.5,148.5,148.9,46.7,10.1,698.5,5.4,128.2,359.2,205.7,KOPPAL,1.2,0.4,2.5,19.2,50.5,72.2,75.6,89.1,145.7,108.1,25.8,8.0,598.3,1.6,72.2,382.6,141.9,598.3
KARNATAKA,TUMKUR,2.4,3.0,7.1,34.0,87.1,61.5,69.7,79.5,148.5,148.9,46.7,10.1,698.5,5.4,128.2,359.2,205.7,BANGALORE RUR,1.7,5.8,7.6,36.2,93.1,71.2,91.7,118.1,170.9,171.8,55.4,13.5,837.0,7.5,136.9,451.9,240.7,837.0
KARNATAKA,TUMKUR,2.4,3.0,7.1,34.0,87.1,61.5,69.7,79.5,148.5,148.9,46.7,10.1,698.5,5.4,128.2,359.2,205.7,BELLARY,1.4,1.4,2.9,26.2,57.9,72.4,77.0,89.3,137.3,116.3,31.1,9.6,622.8,2.8,87.0,376.0,157.0,622.8
KARNATAKA,TUMKUR,2.4,3.0,7.1,34.0,87.1,61.5,69.7,79.5,148.5,148.9,46.7,10.1,698.5,5.4,128.2,359.2,205.7,CHIKMAGALUR,1.6,2.0,12.0,60.2,105.9,395.0,662.1,425.0,175.2,167.4,58.8,12.3,2077.5,3.6,178.1,1657.3,238.5,2077.5
KARNATAKA,TUMKUR,2.4,3.0,7.1,34.0,87.1,61.5,69.7,79.5,148.5,148.9,46.7,10.1,698.5,5.4,128.2,359.2,205.7,CHITRADURGA,1.4,1.2,4.4,25.8,64.9,50.5,56.1,58.9,105.5,116.4,33.8,8.8,527.7,2.6,95.1,271.0,159.0,527.7
KARNATAKA,TUMKUR,2.4,3.0,7.1,34.0,87.1,61.5,69.7,79.5,148.5,148.9,46.7,10.1,698.5,5.4,128.2,359.2,205.7,KODAGU,3.5,4.2,18.5,89.8,152.7,542.2,884.4,543.9,211.4,201.7,71.6,17.5,2741.4,7.7,261.0,2181.9,290.8,2741.4
KARNATAKA,TUMKUR,2.4,3.0,7.1,34.0,87.1,61.5,69.7,79.5,148.5,148.9,46.7,10.1,698.5,5.4,128.2,359.2,205.7,HASSAN,1.3,2.5,10.7,55.1,102.2,125.0,203.8,130.0,115.5,156.0,54.1,10.9,967.1,3.8,168.0,574.3,221.0,967.1
KARNATAKA,TUMKUR,2.4,3.0,7.1,34.0,87.1,61.5,69.7,79.5,148.5,148.9,46.7,10.1,698.5,5.4,128.2,359.2,205.7,KOLAR,2.7,4.5,10.4,27.8,74.4,63.3,76.4,91.2,151.8,148.2,58.8,21.6,731.1,7.2,112.6,382.7,228.6,731.1
KARNATAKA,TUMKUR,2.4,3.0,7.1,34.0,87.1,61.5,69.7,79.5,148.5,148.9,46.7,10.1,698.5,5.4,128.2,359.2,205.7,MANDYA,1.9,3.6,7.6,45.3,105.1,48.7,49.3,58.9,128.2,153.1,47.0,14.0,662.7,5.5,158.0,285.1,214.1,662.7
KARNATAKA,TUMKUR,2.4,3.0,7.1,34.0,87.1,61.5,69.7,79.5,148.5,148.9,46.7,10.1,698.5,5.4,128.2,359.2,205.7,MYSORE,2.5,3.5,11.4,58.7,124.6,79.7,92.4,64.8,106.7,152.4,48.8,13.1,758.6,6.0,194.7,343.6,214.3,758.6
KARNATAKA,TUMKUR,2.4,3.0,7.1,34.0,87.1,61.5,69.7,79.5,148.5,148.9,46.7,10.1,698.5,5.4,128.2,359.2,205.7,SHIMOGA,0.5,0.4,6.3,38.0,78.3,346.8,624.3,403.8,139.1,137.5,44.6,8.3,1827.9,0.9,122.6,1514.0,190.4,1827.9
KARNATAKA,TUMKUR,2.4,3.0,7.1,34.0,87.1,61.5,69.7,79.5,148.5,148.9,46.7,10.1,698.5,5.4,128.2,359.2,205.7,TUMKUR,2.4,3.0,7.1,34.0,87.1,61.5,69.7,79.5,148.5,148.9,46.7,10.1,698.5,5.4,128.2,359.2,205.7,698.5
KARNATAKA,TUMKUR,2.4,3.0,7.1,34.0,87.1,61.5,69.7,79.5,148.5,148.9,46.7,10.1,698.5,5.4,128.2,359.2,205.7,BANGALORE URB,2.3,6.7,8.2,39.2,106.3,73.9,91.6,128.9,181.3,159.7,53.9,18.0,870.0,9.0,153.7,475.7,231.6,870.0
KARNATAKA,TUMKUR,2.4,3.0,7.1,34.0,87.1,61.5,69.7,79.5,148.5,148.9,46.7,10.1,698.5,5.4,128.2,359.2,205.7,CHAMARAJANAGA,3.4,6.0,13.2,69.2,131.2,61.8,68.7,66.0,124.1,157.8,62.7,24.3,788.4,9.4,213.6,320.6,244.8,788.4
KARNATAKA,TUMKUR,2.4,3.0,7.1,34.0,87.1,61.5,69.7,79.5,148.5,148.9,46.7,10.1,698.5,5.4,128.2,359.2,205.7,DAVANGERE,1.1,0.8,4.2,35.0,74.0,78.7,102.9,87.0,116.3,124.4,44.9,7.4,676.7,1.9,113.2,384.9,176.7,676.7
KARNATAKA,TUMKUR,2.4,3.0,7.1,34.0,87.1,61.5,69.7,79.5,148.5,148.9,46.7,10.1,698.5,5.4,128.2,359.2,205.7,RAMNAGAR(BNGR),1.5,4.7,10.2,47.9,122.3,73.1,84.5,108.8,187.6,174.1,54.0,15.0,883.7,6.2,180.4,454.0,243.1,883.7
KARNATAKA,TUMKUR,2.4,3.0,7.1,34.0,87.1,61.5,69.7,79.5,148.5,148.9,46.7,10.1,698.5,5.4,128.2,359.2,205.7,CHICKBALLAPUR,2.1,4.6,8.2,27.2,69.4,64.3,89.2,104.9,153.4,156.8,52.9,15.5,748.5,6.7,104.8,411.8,225.2,748.5
KARNATAKA,BANGALORE URB,2.3,6.7,8.2,39.2,106.3,73.9,91.6,128.9,181.3,159.7,53.9,18.0,870.0,9.0,153.7,475.7,231.6,UTTAR KANNADA,0.3,0.1,2.7,22.1,114.0,740.9,1053.8,667.7,258.5,155.1,44.1,11.2,3070.5,0.4,138.8,2720.9,210.4,3070.5
KARNATAKA,BANGALORE URB,2.3,6.7,8.2,39.2,106.3,73.9,91.6,128.9,181.3,159.7,53.9,18.0,870.0,9.0,153.7,475.7,231.6,DAKSHIN KANDA,1.9,0.7,6.4,39.8,180.9,977.2,1227.2,833.6,313.6,236.9,82.0,15.6,3915.8,2.6,227.1,3351.6,334.5,3915.8
KARNATAKA,BANGALORE URB,2.3,6.7,8.2,39.2,106.3,73.9,91.6,128.9,181.3,159.7,53.9,18.0,870.0,9.0,153.7,475.7,231.6,UDUPI,1.4,0.4,4.1,29.4,193.8,1081.0,1371.6,902.2,404.9,223.8,74.6,18.8,4306.0,1.8,227.3,3759.7,317.2,4306.0
KARNATAKA,BANGALORE URB,2.3,6.7,8.2,39.2,106.3,73.9,91.6,128.9,181.3,159.7,53.9,18.0,870.0,9.0,153.7,475.7,231.6,BELGAM,0.7,0.9,6.2,30.2,74.8,130.4,204.0,126.7,113.0,116.6,30.6,5.1,839.2,1.6,111.2,574.1,152.3,839.2
KARNATAKA,BANGALORE URB,2.3,6.7,8.2,39.2,106.3,73.9,91.6,128.9,181.3,159.7,53.9,18.0,870.0,9.0,153.7,475.7,231.6,BIDAR,5.9,6.1,10.1,21.7,31.4,137.1,190.7,196.6,170.5,93.5,20.9,6.2,890.7,12.0,63.2,694.9,120.6,890.7
KARNATAKA,BANGALORE URB,2.3,6.7,8.2,39.2,106.3,73.9,91.6,128.9,181.3,159.7,53.9,18.0,870.0,9.0,153.7,475.7,231.6,BIJAPUR,2.4,2.7,5.2,20.1,46.5,94.5,91.8,91.3,158.4,111.7,24.9,6.9,656.4,5.1,71.8,436.0,143.5,656.4
KARNATAKA,BANGALORE URB,2.3,6.7,8.2,39.2,106.3,73.9,91.6,128.9,181.3,159.7,53.9,18.0,870.0,9.0,153.7,475.7,231.6,DHARWAD,2.3,3.2,6.9,46.6,82.5,113.8,149.1,101.6,119.5,120.4,39.6,6.2,791.7,5.5,136.0,484.0,166.2,791.7
KARNATAKA,BANGALORE URB,2.3,6.7,8.2,39.2,106.3,73.9,91.6,128.9,181.3,159.7,53.9,18.0,870.0,9.0,153.7,475.7,231.6,GULBARGA,4.3,2.9,6.2,19.7,36.4,112.8,156.1,167.6,184.0,105.3,20.8,4.5,820.6,7.2,62.3,620.5,130.6,820.6
KARNATAKA,BANGALORE URB,2.3,6.7,8.2,39.2,106.3,73.9,91.6,128.9,181.3,159.7,53.9,18.0,870.0,9.0,153.7,475.7,231.6,YADGIR,4.4,3.6,5.2,20.5,36.8,116.8,153.0,161.2,179.8,123.4,24.5,5.3,834.5,8.0,62.5,610.8,153.2,834.5
KARNATAKA,BANGALORE URB,2.3,6.7,8.2,39.2,106.3,73.9,91.6,128.9,181.3,159.7,53.9,18.0,870.0,9.0,153.7,475.7,231.6,RAICHUR,1.4,2.0,4.1,17.7,40.5,81.7,110.2,122.2,147.5,110.5,21.4,5.9,665.1,3.4,62.3,461.6,137.8,665.1
KARNATAKA,BANGALORE URB,2.3,6.7,8.2,39.2,106.3,73.9,91.6,128.9,181.3,159.7,53.9,18.0,870.0,9.0,153.7,475.7,231.6,BAGALKOTE,1.8,1.5,4.5,23.5,57.3,80.1,73.6,72.5,137.1,112.8,25.3,7.0,597.0,3.3,85.3,363.3,145.1,597.0
KARNATAKA,BANGALORE URB,2.3,6.7,8.2,39.2,106.3,73.9,91.6,128.9,181.3,159.7,53.9,18.0,870.0,9.0,153.7,475.7,231.6,GADAG,1.2,1.0,3.9,33.5,71.7,85.1,70.4,75.3,137.5,121.1,33.0,7.5,641.2,2.2,109.1,368.3,161.6,641.2
KARNATAKA,BANGALORE URB,2.3,6.7,8.2,39.2,106.3,73.9,91.6,128.9,181.3,159.7,53.9,18.0,870.0,9.0,153.7,475.7,231.6,HAVERI,0.3,0.5,4.0,43.6,78.5,114.7,169.8,111.1,99.5,119.0,43.9,7.0,791.9,0.8,126.1,495.1,169.9,791.9
KARNATAKA,BANGALORE URB,2.3,6.7,8.2,39.2,106.3,73.9,91.6,128.9,181.3,159.7,53.9,18.0,870.0,9.0,153.7,475.7,231.6,KOPPAL,1.2,0.4,2.5,19.2,50.5,72.2,75.6,89.1,145.7,108.1,25.8,8.0,598.3,1.6,72.2,382.6,141.9,598.3
KARNATAKA,BANGALORE URB,2.3,6.7,8.2,39.2,106.3,73.9,91.6,128.9,181.3,159.7,53.9,18.0,870.0,9.0,153.7,475.7,231.6,BANGALORE RUR,1.7,5.8,7.6,36.2,93.1,71.2,91.7,118.1,170.9,171.8,55.4,13.5,837.0,7.5,136.9,451.9,240.7,837.0
KARNATAKA,BANGALORE URB,2.3,6.7,8.2,39.2,106.3,73.9,91.6,128.9,181.3,159.7,53.9,18.0,870.0,9.0,153.7,475.7,231.6,BELLARY,1.4,1.4,2.9,26.2,57.9,72.4,77.0,89.3,137.3,116.3,31.1,9.6,622.8,2.8,87.0,376.0,157.0,622.8
KARNATAKA,BANGALORE URB,2.3,6.7,8.2,39.2,106.3,73.9,91.6,128.9,181.3,159.7,53.9,18.0,870.0,9.0,153.7,475.7,231.6,CHIKMAGALUR,1.6,2.0,12.0,60.2,105.9,395.0,662.1,425.0,175.2,167.4,58.8,12.3,2077.5,3.6,178.1,1657.3,238.5,2077.5
KARNATAKA,BANGALORE URB,2.3,6.7,8.2,39.2,106.3,73.9,91.6,128.9,181.3,159.7,53.9,18.0,870.0,9.0,153.7,475.7,231.6,CHITRADURGA,1.4,1.2,4.4,25.8,64.9,50.5,56.1,58.9,105.5,116.4,33.8,8.8,527.7,2.6,95.1,271.0,159.0,527.7
KARNATAKA,BANGALORE URB,2.3,6.7,8.2,39.2,106.3,73.9,91.6,128.9,181.3,159.7,53.9,18.0,870.0,9.0,153.7,475.7,231.6,KODAGU,3.5,4.2,18.5,89.8,152.7,542.2,884.4,543.9,211.4,201.7,71.6,17.5,2741.4,7.7,261.0,2181.9,290.8,2741.4
KARNATAKA,BANGALORE URB,2.3,6.7,8.2,39.2,106.3,73.9,91.6,128.9,181.3,159.7,53.9,18.0,870.0,9.0,153.7,475.7,231.6,HASSAN,1.3,2.5,10.7,55.1,102.2,125.0,203.8,130.0,115.5,156.0,54.1,10.9,967.1,3.8,168.0,574.3,221.0,967.1
KARNATAKA,BANGALORE URB,2.3,6.7,8.2,39.2,106.3,73.9,91.6,128.9,181.3,159.7,53.9,18.0,870.0,9.0,153.7,475.7,231.6,KOLAR,2.7,4.5,10.4,27.8,74.4,63.3,76.4,91.2,151.8,148.2,58.8,21.6,731.1,7.2,112.6,382.7,228.6,731.1
KARNATAKA,BANGALORE URB,2.3,6.7,8.2,39.2,106.3,73.9,91.6,128.9,181.3,159.7,53.9,18.0,870.0,9.0,153.7,475.7,231.6,MANDYA,1.9,3.6,7.6,45.3,105.1,48.7,49.3,58.9,128.2,153.1,47.0,14.0,662.7,5.5,158.0,285.1,214.1,662.7
KARNATAKA,BANGALORE URB,2.3,6.7,8.2,39.2,106.3,73.9,91.6,128.9,181.3,159.7,53.9,18.0,870.0,9.0,153.7,475.7,231.6,MYSORE,2.5,3.5,11.4,58.7,124.6,79.7,92.4,64.8,106.7,152.4,48.8,13.1,758.6,6.0,194.7,343.6,214.3,758.6
KARNATAKA,BANGALORE URB,2.3,6.7,8.2,39.2,106.3,73.9,91.6,128.9,181.3,159.7,53.9,18.0,870.0,9.0,153.7,475.7,231.6,SHIMOGA,0.5,0.4,6.3,38.0,78.3,346.8,624.3,403.8,139.1,137.5,44.6,8.3,1827.9,0.9,122.6,1514.0,190.4,1827.9
KARNATAKA,BANGALORE URB,2.3,6.7,8.2,39.2,106.3,73.9,91.6,128.9,181.3,159.7,53.9,18.0,870.0,9.0,153.7,475.7,231.6,TUMKUR,2.4,3.0,7.1,34.0,87.1,61.5,69.7,79.5,148.5,148.9,46.7,10.1,698.5,5.4,128.2,359.2,205.7,698.5
KARNATAKA,BANGALORE URB,2.3,6.7,8.2,39.2,106.3,73.9,91.6,128.9,181.3,159.7,53.9,18.0,870.0,9.0,153.7,475.7,231.6,BANGALORE URB,2.3,6.7,8.2,39.2,106.3,73.9,91.6,128.9,181.3,159.7,53.9,18.0,870.0,9.0,153.7,475.7,231.6,870.0
KARNATAKA,BANGALORE URB,2.3,6.7,8.2,39.2,106.3,73.9,91.6,128.9,181.3,159.7,53.9,18.0,870.0,9.0,153.7,475.7,231.6,CHAMARAJANAGA,3.4,6.0,13.2,69.2,131.2,61.8,68.7,66.0,124.1,157.8,62.7,24.3,788.4,9.4,213.6,320.6,244.8,788.4
KARNATAKA,BANGALORE URB,2.3,6.7,8.2,39.2,106.3,73.9,91.6,128.9,181.3,159.7,53.9,18.0,870.0,9.0,153.7,475.7,231.6,DAVANGERE,1.1,0.8,4.2,35.0,74.0,78.7,102.9,87.0,116.3,124.4,44.9,7.4,676.7,1.9,113.2,384.9,176.7,676.7
KARNATAKA,BANGALORE URB,2.3,6.7,8.2,39.2,106.3,73.9,91.6,128.9,181.3,159.7,53.9,18.0,870.0,9.0,153.7,475.7,231.6,RAMNAGAR(BNGR),1.5,4.7,10.2,47.9,122.3,73.1,84.5,108.8,187.6,174.1,54.0,15.0,883.7,6.2,180.4,454.0,243.1,883.7
KARNATAKA,BANGALORE URB,2.3,6.7,8.2,39.2,106.3,73.9,91.6,128.9,181.3,159.7,53.9,18.0,870.0,9.0,153.7,475.7,231.6,CHICKBALLAPUR,2.1,4.6,8.2,27.2,69.4,64.3,89.2,104.9,153.4,156.8,52.9,15.5,748.5,6.7,104.8,411.8,225.2,748.5
KARNATAKA,CHAMARAJANAGA,3.4,6.0,13.2,69.2,131.2,61.8,68.7,66.0,124.1,157.8,62.7,24.3,788.4,9.4,213.6,320.6,244.8,UTTAR KANNADA,0.3,0.1,2.7,22.1,114.0,740.9,1053.8,667.7,258.5,155.1,44.1,11.2,3070.5,0.4,138.8,2720.9,210.4,3070.5
KARNATAKA,CHAMARAJANAGA,3.4,6.0,13.2,69.2,131.2,61.8,68.7,66.0,124.1,157.8,62.7,24.3,788.4,9.4,213.6,320.6,244.8,DAKSHIN KANDA,1.9,0.7,6.4,39.8,180.9,977.2,1227.2,833.6,313.6,236.9,82.0,15.6,3915.8,2.6,227.1,3351.6,334.5,3915.8
KARNATAKA,CHAMARAJANAGA,3.4,6.0,13.2,69.2,131.2,61.8,68.7,66.0,124.1,157.8,62.7,24.3,788.4,9.4,213.6,320.6,244.8,UDUPI,1.4,0.4,4.1,29.4,193.8,1081.0,1371.6,902.2,404.9,223.8,74.6,18.8,4306.0,1.8,227.3,3759.7,317.2,4306.0
KARNATAKA,CHAMARAJANAGA,3.4,6.0,13.2,69.2,131.2,61.8,68.7,66.0,124.1,157.8,62.7,24.3,788.4,9.4,213.6,320.6,244.8,BELGAM,0.7,0.9,6.2,30.2,74.8,130.4,204.0,126.7,113.0,116.6,30.6,5.1,839.2,1.6,111.2,574.1,152.3,839.2
KARNATAKA,CHAMARAJANAGA,3.4,6.0,13.2,69.2,131.2,61.8,68.7,66.0,124.1,157.8,62.7,24.3,788.4,9.4,213.6,320.6,244.8,BIDAR,5.9,6.1,10.1,21.7,31.4,137.1,190.7,196.6,170.5,93.5,20.9,6.2,890.7,12.0,63.2,694.9,120.6,890.7
KARNATAKA,CHAMARAJANAGA,3.4,6.0,13.2,69.2,131.2,61.8,68.7,66.0,124.1,157.8,62.7,24.3,788.4,9.4,213.6,320.6,244.8,BIJAPUR,2.4,2.7,5.2,20.1,46.5,94.5,91.8,91.3,158.4,111.7,24.9,6.9,656.4,5.1,71.8,436.0,143.5,656.4
KARNATAKA,CHAMARAJANAGA,3.4,6.0,13.2,69.2,131.2,61.8,68.7,66.0,124.1,157.8,62.7,24.3,788.4,9.4,213.6,320.6,244.8,DHARWAD,2.3,3.2,6.9,46.6,82.5,113.8,149.1,101.6,119.5,120.4,39.6,6.2,791.7,5.5,136.0,484.0,166.2,791.7
KARNATAKA,CHAMARAJANAGA,3.4,6.0,13.2,69.2,131.2,61.8,68.7,66.0,124.1,157.8,62.7,24.3,788.4,9.4,213.6,320.6,244.8,GULBARGA,4.3,2.9,6.2,19.7,36.4,112.8,156.1,167.6,184.0,105.3,20.8,4.5,820.6,7.2,62.3,620.5,130.6,820.6
KARNATAKA,CHAMARAJANAGA,3.4,6.0,13.2,69.2,131.2,61.8,68.7,66.0,124.1,157.8,62.7,24.3,788.4,9.4,213.6,320.6,244.8,YADGIR,4.4,3.6,5.2,20.5,36.8,116.8,153.0,161.2,179.8,123.4,24.5,5.3,834.5,8.0,62.5,610.8,153.2,834.5
KARNATAKA,CHAMARAJANAGA,3.4,6.0,13.2,69.2,131.2,61.8,68.7,66.0,124.1,157.8,62.7,24.3,788.4,9.4,213.6,320.6,244.8,RAICHUR,1.4,2.0,4.1,17.7,40.5,81.7,110.2,122.2,147.5,110.5,21.4,5.9,665.1,3.4,62.3,461.6,137.8,665.1
KARNATAKA,CHAMARAJANAGA,3.4,6.0,13.2,69.2,131.2,61.8,68.7,66.0,124.1,157.8,62.7,24.3,788.4,9.4,213.6,320.6,244.8,BAGALKOTE,1.8,1.5,4.5,23.5,57.3,80.1,73.6,72.5,137.1,112.8,25.3,7.0,597.0,3.3,85.3,363.3,145.1,597.0
KARNATAKA,CHAMARAJANAGA,3.4,6.0,13.2,69.2,131.2,61.8,68.7,66.0,124.1,157.8,62.7,24.3,788.4,9.4,213.6,320.6,244.8,GADAG,1.2,1.0,3.9,33.5,71.7,85.1,70.4,75.3,137.5,121.1,33.0,7.5,641.2,2.2,109.1,368.3,161.6,641.2
KARNATAKA,CHAMARAJANAGA,3.4,6.0,13.2,69.2,131.2,61.8,68.7,66.0,124.1,157.8,62.7,24.3,788.4,9.4,213.6,320.6,244.8,HAVERI,0.3,0.5,4.0,43.6,78.5,114.7,169.8,111.1,99.5,119.0,43.9,7.0,791.9,0.8,126.1,495.1,169.9,791.9
KARNATAKA,CHAMARAJANAGA,3.4,6.0,13.2,69.2,131.2,61.8,68.7,66.0,124.1,157.8,62.7,24.3,788.4,9.4,213.6,320.6,244.8,KOPPAL,1.2,0.4,2.5,19.2,50.5,72.2,75.6,89.1,145.7,108.1,25.8,8.0,598.3,1.6,72.2,382.6,141.9,598.3
KARNATAKA,CHAMARAJANAGA,3.4,6.0,13.2,69.2,131.2,61.8,68.7,66.0,124.1,157.8,62.7,24.3,788.4,9.4,213.6,320.6,244.8,BANGALORE RUR,1.7,5.8,7.6,36.2,93.1,71.2,91.7,118.1,170.9,171.8,55.4,13.5,837.0,7.5,136.9,451.9,240.7,837.0
KARNATAKA,CHAMARAJANAGA,3.4,6.0,13.2,69.2,131.2,61.8,68.7,66.0,124.1,157.8,62.7,24.3,788.4,9.4,213.6,320.6,244.8,BELLARY,1.4,1.4,2.9,26.2,57.9,72.4,77.0,89.3,137.3,116.3,31.1,9.6,622.8,2.8,87.0,376.0,157.0,622.8
KARNATAKA,CHAMARAJANAGA,3.4,6.0,13.2,69.2,131.2,61.8,68.7,66.0,124.1,157.8,62.7,24.3,788.4,9.4,213.6,320.6,244.8,CHIKMAGALUR,1.6,2.0,12.0,60.2,105.9,395.0,662.1,425.0,175.2,167.4,58.8,12.3,2077.5,3.6,178.1,1657.3,238.5,2077.5
KARNATAKA,CHAMARAJANAGA,3.4,6.0,13.2,69.2,131.2,61.8,68.7,66.0,124.1,157.8,62.7,24.3,788.4,9.4,213.6,320.6,244.8,CHITRADURGA,1.4,1.2,4.4,25.8,64.9,50.5,56.1,58.9,105.5,116.4,33.8,8.8,527.7,2.6,95.1,271.0,159.0,527.7
KARNATAKA,CHAMARAJANAGA,3.4,6.0,13.2,69.2,131.2,61.8,68.7,66.0,124.1,157.8,62.7,24.3,788.4,9.4,213.6,320.6,244.8,KODAGU,3.5,4.2,18.5,89.8,152.7,542.2,884.4,543.9,211.4,201.7,71.6,17.5,2741.4,7.7,261.0,2181.9,290.8,2741.4
KARNATAKA,CHAMARAJANAGA,3.4,6.0,13.2,69.2,131.2,61.8,68.7,66.0,124.1,157.8,62.7,24.3,788.4,9.4,213.6,320.6,244.8,HASSAN,1.3,2.5,10.7,55.1,102.2,125.0,203.8,130.0,115.5,156.0,54.1,10.9,967.1,3.8,168.0,574.3,221.0,967.1
KARNATAKA,CHAMARAJANAGA,3.4,6.0,13.2,69.2,131.2,61.8,68.7,66.0,124.1,157.8,62.7,24.3,788.4,9.4,213.6,320.6,244.8,KOLAR,2.7,4.5,10.4,27.8,74.4,63.3,76.4,91.2,151.8,148.2,58.8,21.6,731.1,7.2,112.6,382.7,228.6,731.1
KARNATAKA,CHAMARAJANAGA,3.4,6.0,13.2,69.2,131.2,61.8,68.7,66.0,124.1,157.8,62.7,24.3,788.4,9.4,213.6,320.6,244.8,MANDYA,1.9,3.6,7.6,45.3,105.1,48.7,49.3,58.9,128.2,153.1,47.0,14.0,662.7,5.5,158.0,285.1,214.1,662.7
KARNATAKA,CHAMARAJANAGA,3.4,6.0,13.2,69.2,131.2,61.8,68.7,66.0,124.1,157.8,62.7,24.3,788.4,9.4,213.6,320.6,244.8,MYSORE,2.5,3.5,11.4,58.7,124.6,79.7,92.4,64.8,106.7,152.4,48.8,13.1,758.6,6.0,194.7,343.6,214.3,758.6
KARNATAKA,CHAMARAJANAGA,3.4,6.0,13.2,69.2,131.2,61.8,68.7,66.0,124.1,157.8,62.7,24.3,788.4,9.4,213.6,320.6,244.8,SHIMOGA,0.5,0.4,6.3,38.0,78.3,346.8,624.3,403.8,139.1,137.5,44.6,8.3,1827.9,0.9,122.6,1514.0,190.4,1827.9
KARNATAKA,CHAMARAJANAGA,3.4,6.0,13.2,69.2,131.2,61.8,68.7,66.0,124.1,157.8,62.7,24.3,788.4,9.4,213.6,320.6,244.8,TUMKUR,2.4,3.0,7.1,34.0,87.1,61.5,69.7,79.5,148.5,148.9,46.7,10.1,698.5,5.4,128.2,359.2,205.7,698.5
KARNATAKA,CHAMARAJANAGA,3.4,6.0,13.2,69.2,131.2,61.8,68.7,66.0,124.1,157.8,62.7,24.3,788.4,9.4,213.6,320.6,244.8,BANGALORE URB,2.3,6.7,8.2,39.2,106.3,73.9,91.6,128.9,181.3,159.7,53.9,18.0,870.0,9.0,153.7,475.7,231.6,870.0
KARNATAKA,CHAMARAJANAGA,3.4,6.0,13.2,69.2,131.2,61.8,68.7,66.0,124.1,157.8,62.7,24.3,788.4,9.4,213.6,320.6,244.8,CHAMARAJANAGA,3.4,6.0,13.2,69.2,131.2,61.8,68.7,66.0,124.1,157.8,62.7,24.3,788.4,9.4,213.6,320.6,244.8,788.4
KARNATAKA,CHAMARAJANAGA,3.4,6.0,13.2,69.2,131.2,61.8,68.7,66.0,124.1,157.8,62.7,24.3,788.4,9.4,213.6,320.6,244.8,DAVANGERE,1.1,0.8,4.2,35.0,74.0,78.7,102.9,87.0,116.3,124.4,44.9,7.4,676.7,1.9,113.2,384.9,176.7,676.7
KARNATAKA,CHAMARAJANAGA,3.4,6.0,13.2,69.2,131.2,61.8,68.7,66.0,124.1,157.8,62.7,24.3,788.4,9.4,213.6,320.6,244.8,RAMNAGAR(BNGR),1.5,4.7,10.2,47.9,122.3,73.1,84.5,108.8,187.6,174.1,54.0,15.0,883.7,6.2,180.4,454.0,243.1,883.7
KARNATAKA,CHAMARAJANAGA,3.4,6.0,13.2,69.2,131.2,61.8,68.7,66.0,124.1,157.8,62.7,24.3,788.4,9.4,213.6,320.6,244.8,CHICKBALLAPUR,2.1,4.6,8.2,27.2,69.4,64.3,89.2,104.9,153.4,156.8,52.9,15.5,748.5,6.7,104.8,411.8,225.2,748.5
KARNATAKA,DAVANGERE,1.1,0.8,4.2,35.0,74.0,78.7,102.9,87.0,116.3,124.4,44.9,7.4,676.7,1.9,113.2,384.9,176.7,UTTAR KANNADA,0.3,0.1,2.7,22.1,114.0,740.9,1053.8,667.7,258.5,155.1,44.1,11.2,3070.5,0.4,138.8,2720.9,210.4,3070.5
KARNATAKA,DAVANGERE,1.1,0.8,4.2,35.0,74.0,78.7,102.9,87.0,116.3,124.4,44.9,7.4,676.7,1.9,113.2,384.9,176.7,DAKSHIN KANDA,1.9,0.7,6.4,39.8,180.9,977.2,1227.2,833.6,313.6,236.9,82.0,15.6,3915.8,2.6,227.1,3351.6,334.5,3915.8
KARNATAKA,DAVANGERE,1.1,0.8,4.2,35.0,74.0,78.7,102.9,87.0,116.3,124.4,44.9,7.4,676.7,1.9,113.2,384.9,176.7,UDUPI,1.4,0.4,4.1,29.4,193.8,1081.0,1371.6,902.2,404.9,223.8,74.6,18.8,4306.0,1.8,227.3,3759.7,317.2,4306.0
KARNATAKA,DAVANGERE,1.1,0.8,4.2,35.0,74.0,78.7,102.9,87.0,116.3,124.4,44.9,7.4,676.7,1.9,113.2,384.9,176.7,BELGAM,0.7,0.9,6.2,30.2,74.8,130.4,204.0,126.7,113.0,116.6,30.6,5.1,839.2,1.6,111.2,574.1,152.3,839.2
KARNATAKA,DAVANGERE,1.1,0.8,4.2,35.0,74.0,78.7,102.9,87.0,116.3,124.4,44.9,7.4,676.7,1.9,113.2,384.9,176.7,BIDAR,5.9,6.1,10.1,21.7,31.4,137.1,190.7,196.6,170.5,93.5,20.9,6.2,890.7,12.0,63.2,694.9,120.6,890.7
KARNATAKA,DAVANGERE,1.1,0.8,4.2,35.0,74.0,78.7,102.9,87.0,116.3,124.4,44.9,7.4,676.7,1.9,113.2,384.9,176.7,BIJAPUR,2.4,2.7,5.2,20.1,46.5,94.5,91.8,91.3,158.4,111.7,24.9,6.9,656.4,5.1,71.8,436.0,143.5,656.4
KARNATAKA,DAVANGERE,1.1,0.8,4.2,35.0,74.0,78.7,102.9,87.0,116.3,124.4,44.9,7.4,676.7,1.9,113.2,384.9,176.7,DHARWAD,2.3,3.2,6.9,46.6,82.5,113.8,149.1,101.6,119.5,120.4,39.6,6.2,791.7,5.5,136.0,484.0,166.2,791.7
KARNATAKA,DAVANGERE,1.1,0.8,4.2,35.0,74.0,78.7,102.9,87.0,116.3,124.4,44.9,7.4,676.7,1.9,113.2,384.9,176.7,GULBARGA,4.3,2.9,6.2,19.7,36.4,112.8,156.1,167.6,184.0,105.3,20.8,4.5,820.6,7.2,62.3,620.5,130.6,820.6
KARNATAKA,DAVANGERE,1.1,0.8,4.2,35.0,74.0,78.7,102.9,87.0,116.3,124.4,44.9,7.4,676.7,1.9,113.2,384.9,176.7,YADGIR,4.4,3.6,5.2,20.5,36.8,116.8,153.0,161.2,179.8,123.4,24.5,5.3,834.5,8.0,62.5,610.8,153.2,834.5
KARNATAKA,DAVANGERE,1.1,0.8,4.2,35.0,74.0,78.7,102.9,87.0,116.3,124.4,44.9,7.4,676.7,1.9,113.2,384.9,176.7,RAICHUR,1.4,2.0,4.1,17.7,40.5,81.7,110.2,122.2,147.5,110.5,21.4,5.9,665.1,3.4,62.3,461.6,137.8,665.1
KARNATAKA,DAVANGERE,1.1,0.8,4.2,35.0,74.0,78.7,102.9,87.0,116.3,124.4,44.9,7.4,676.7,1.9,113.2,384.9,176.7,BAGALKOTE,1.8,1.5,4.5,23.5,57.3,80.1,73.6,72.5,137.1,112.8,25.3,7.0,597.0,3.3,85.3,363.3,145.1,597.0
KARNATAKA,DAVANGERE,1.1,0.8,4.2,35.0,74.0,78.7,102.9,87.0,116.3,124.4,44.9,7.4,676.7,1.9,113.2,384.9,176.7,GADAG,1.2,1.0,3.9,33.5,71.7,85.1,70.4,75.3,137.5,121.1,33.0,7.5,641.2,2.2,109.1,368.3,161.6,641.2
KARNATAKA,DAVANGERE,1.1,0.8,4.2,35.0,74.0,78.7,102.9,87.0,116.3,124.4,44.9,7.4,676.7,1.9,113.2,384.9,176.7,HAVERI,0.3,0.5,4.0,43.6,78.5,114.7,169.8,111.1,99.5,119.0,43.9,7.0,791.9,0.8,126.1,495.1,169.9,791.9
KARNATAKA,DAVANGERE,1.1,0.8,4.2,35.0,74.0,78.7,102.9,87.0,116.3,124.4,44.9,7.4,676.7,1.9,113.2,384.9,176.7,KOPPAL,1.2,0.4,2.5,19.2,50.5,72.2,75.6,89.1,145.7,108.1,25.8,8.0,598.3,1.6,72.2,382.6,141.9,598.3
KARNATAKA,DAVANGERE,1.1,0.8,4.2,35.0,74.0,78.7,102.9,87.0,116.3,124.4,44.9,7.4,676.7,1.9,113.2,384.9,176.7,BANGALORE RUR,1.7,5.8,7.6,36.2,93.1,71.2,91.7,118.1,170.9,171.8,55.4,13.5,837.0,7.5,136.9,451.9,240.7,837.0
KARNATAKA,DAVANGERE,1.1,0.8,4.2,35.0,74.0,78.7,102.9,87.0,116.3,124.4,44.9,7.4,676.7,1.9,113.2,384.9,176.7,BELLARY,1.4,1.4,2.9,26.2,57.9,72.4,77.0,89.3,137.3,116.3,31.1,9.6,622.8,2.8,87.0,376.0,157.0,622.8
KARNATAKA,DAVANGERE,1.1,0.8,4.2,35.0,74.0,78.7,102.9,87.0,116.3,124.4,44.9,7.4,676.7,1.9,113.2,384.9,176.7,CHIKMAGALUR,1.6,2.0,12.0,60.2,105.9,395.0,662.1,425.0,175.2,167.4,58.8,12.3,2077.5,3.6,178.1,1657.3,238.5,2077.5
KARNATAKA,DAVANGERE,1.1,0.8,4.2,35.0,74.0,78.7,102.9,87.0,116.3,124.4,44.9,7.4,676.7,1.9,113.2,384.9,176.7,CHITRADURGA,1.4,1.2,4.4,25.8,64.9,50.5,56.1,58.9,105.5,116.4,33.8,8.8,527.7,2.6,95.1,271.0,159.0,527.7
KARNATAKA,DAVANGERE,1.1,0.8,4.2,35.0,74.0,78.7,102.9,87.0,116.3,124.4,44.9,7.4,676.7,1.9,113.2,384.9,176.7,KODAGU,3.5,4.2,18.5,89.8,152.7,542.2,884.4,543.9,211.4,201.7,71.6,17.5,2741.4,7.7,261.0,2181.9,290.8,2741.4
KARNATAKA,DAVANGERE,1.1,0.8,4.2,35.0,74.0,78.7,102.9,87.0,116.3,124.4,44.9,7.4,676.7,1.9,113.2,384.9,176.7,HASSAN,1.3,2.5,10.7,55.1,102.2,125.0,203.8,130.0,115.5,156.0,54.1,10.9,967.1,3.8,168.0,574.3,221.0,967.1
KARNATAKA,DAVANGERE,1.1,0.8,4.2,35.0,74.0,78.7,102.9,87.0,116.3,124.4,44.9,7.4,676.7,1.9,113.2,384.9,176.7,KOLAR,2.7,4.5,10.4,27.8,74.4,63.3,76.4,91.2,151.8,148.2,58.8,21.6,731.1,7.2,112.6,382.7,228.6,731.1
KARNATAKA,DAVANGERE,1.1,0.8,4.2,35.0,74.0,78.7,102.9,87.0,116.3,124.4,44.9,7.4,676.7,1.9,113.2,384.9,176.7,MANDYA,1.9,3.6,7.6,45.3,105.1,48.7,49.3,58.9,128.2,153.1,47.0,14.0,662.7,5.5,158.0,285.1,214.1,662.7
KARNATAKA,DAVANGERE,1.1,0.8,4.2,35.0,74.0,78.7,102.9,87.0,116.3,124.4,44.9,7.4,676.7,1.9,113.2,384.9,176.7,MYSORE,2.5,3.5,11.4,58.7,124.6,79.7,92.4,64.8,106.7,152.4,48.8,13.1,758.6,6.0,194.7,343.6,214.3,758.6
KARNATAKA,DAVANGERE,1.1,0.8,4.2,35.0,74.0,78.7,102.9,87.0,116.3,124.4,44.9,7.4,676.7,1.9,113.2,384.9,176.7,SHIMOGA,0.5,0.4,6.3,38.0,78.3,346.8,624.3,403.8,139.1,137.5,44.6,8.3,1827.9,0.9,122.6,1514.0,190.4,1827.9
KARNATAKA,DAVANGERE,1.1,0.8,4.2,35.0,74.0,78.7,102.9,87.0,116.3,124.4,44.9,7.4,676.7,1.9,113.2,384.9,176.7,TUMKUR,2.4,3.0,7.1,34.0,87.1,61.5,69.7,79.5,148.5,148.9,46.7,10.1,698.5,5.4,128.2,359.2,205.7,698.5
KARNATAKA,DAVANGERE,1.1,0.8,4.2,35.0,74.0,78.7,102.9,87.0,116.3,124.4,44.9,7.4,676.7,1.9,113.2,384.9,176.7,BANGALORE URB,2.3,6.7,8.2,39.2,106.3,73.9,91.6,128.9,181.3,159.7,53.9,18.0,870.0,9.0,153.7,475.7,231.6,870.0
KARNATAKA,DAVANGERE,1.1,0.8,4.2,35.0,74.0,78.7,102.9,87.0,116.3,124.4,44.9,7.4,676.7,1.9,113.2,384.9,176.7,CHAMARAJANAGA,3.4,6.0,13.2,69.2,131.2,61.8,68.7,66.0,124.1,157.8,62.7,24.3,788.4,9.4,213.6,320.6,244.8,788.4
KARNATAKA,DAVANGERE,1.1,0.8,4.2,35.0,74.0,78.7,102.9,87.0,116.3,124.4,44.9,7.4,676.7,1.9,113.2,384.9,176.7,DAVANGERE,1.1,0.8,4.2,35.0,74.0,78.7,102.9,87.0,116.3,124.4,44.9,7.4,676.7,1.9,113.2,384.9,176.7,676.7
KARNATAKA,DAVANGERE,1.1,0.8,4.2,35.0,74.0,78.7,102.9,87.0,116.3,124.4,44.9,7.4,676.7,1.9,113.2,384.9,176.7,RAMNAGAR(BNGR),1.5,4.7,10.2,47.9,122.3,73.1,84.5,108.8,187.6,174.1,54.0,15.0,883.7,6.2,180.4,454.0,243.1,883.7
KARNATAKA,DAVANGERE,1.1,0.8,4.2,35.0,74.0,78.7,102.9,87.0,116.3,124.4,44.9,7.4,676.7,1.9,113.2,384.9,176.7,CHICKBALLAPUR,2.1,4.6,8.2,27.2,69.4,64.3,89.2,104.9,153.4,156.8,52.9,15.5,748.5,6.7,104.8,411.8,225.2,748.5
KARNATAKA,RAMNAGAR(BNGR),1.5,4.7,10.2,47.9,122.3,73.1,84.5,108.8,187.6,174.1,54.0,15.0,883.7,6.2,180.4,454.0,243.1,UTTAR KANNADA,0.3,0.1,2.7,22.1,114.0,740.9,1053.8,667.7,258.5,155.1,44.1,11.2,3070.5,0.4,138.8,2720.9,210.4,3070.5
KARNATAKA,RAMNAGAR(BNGR),1.5,4.7,10.2,47.9,122.3,73.1,84.5,108.8,187.6,174.1,54.0,15.0,883.7,6.2,180.4,454.0,243.1,DAKSHIN KANDA,1.9,0.7,6.4,39.8,180.9,977.2,1227.2,833.6,313.6,236.9,82.0,15.6,3915.8,2.6,227.1,3351.6,334.5,3915.8
KARNATAKA,RAMNAGAR(BNGR),1.5,4.7,10.2,47.9,122.3,73.1,84.5,108.8,187.6,174.1,54.0,15.0,883.7,6.2,180.4,454.0,243.1,UDUPI,1.4,0.4,4.1,29.4,193.8,1081.0,1371.6,902.2,404.9,223.8,74.6,18.8,4306.0,1.8,227.3,3759.7,317.2,4306.0
KARNATAKA,RAMNAGAR(BNGR),1.5,4.7,10.2,47.9,122.3,73.1,84.5,108.8,187.6,174.1,54.0,15.0,883.7,6.2,180.4,454.0,243.1,BELGAM,0.7,0.9,6.2,30.2,74.8,130.4,204.0,126.7,113.0,116.6,30.6,5.1,839.2,1.6,111.2,574.1,152.3,839.2
KARNATAKA,RAMNAGAR(BNGR),1.5,4.7,10.2,47.9,122.3,73.1,84.5,108.8,187.6,174.1,54.0,15.0,883.7,6.2,180.4,454.0,243.1,BIDAR,5.9,6.1,10.1,21.7,31.4,137.1,190.7,196.6,170.5,93.5,20.9,6.2,890.7,12.0,63.2,694.9,120.6,890.7
KARNATAKA,RAMNAGAR(BNGR),1.5,4.7,10.2,47.9,122.3,73.1,84.5,108.8,187.6,174.1,54.0,15.0,883.7,6.2,180.4,454.0,243.1,BIJAPUR,2.4,2.7,5.2,20.1,46.5,94.5,91.8,91.3,158.4,111.7,24.9,6.9,656.4,5.1,71.8,436.0,143.5,656.4
KARNATAKA,RAMNAGAR(BNGR),1.5,4.7,10.2,47.9,122.3,73.1,84.5,108.8,187.6,174.1,54.0,15.0,883.7,6.2,180.4,454.0,243.1,DHARWAD,2.3,3.2,6.9,46.6,82.5,113.8,149.1,101.6,119.5,120.4,39.6,6.2,791.7,5.5,136.0,484.0,166.2,791.7
KARNATAKA,RAMNAGAR(BNGR),1.5,4.7,10.2,47.9,122.3,73.1,84.5,108.8,187.6,174.1,54.0,15.0,883.7,6.2,180.4,454.0,243.1,GULBARGA,4.3,2.9,6.2,19.7,36.4,112.8,156.1,167.6,184.0,105.3,20.8,4.5,820.6,7.2,62.3,620.5,130.6,820.6
KARNATAKA,RAMNAGAR(BNGR),1.5,4.7,10.2,47.9,122.3,73.1,84.5,108.8,187.6,174.1,54.0,15.0,883.7,6.2,180.4,454.0,243.1,YADGIR,4.4,3.6,5.2,20.5,36.8,116.8,153.0,161.2,179.8,123.4,24.5,5.3,834.5,8.0,62.5,610.8,153.2,834.5
KARNATAKA,RAMNAGAR(BNGR),1.5,4.7,10.2,47.9,122.3,73.1,84.5,108.8,187.6,174.1,54.0,15.0,883.7,6.2,180.4,454.0,243.1,RAICHUR,1.4,2.0,4.1,17.7,40.5,81.7,110.2,122.2,147.5,110.5,21.4,5.9,665.1,3.4,62.3,461.6,137.8,665.1
KARNATAKA,RAMNAGAR(BNGR),1.5,4.7,10.2,47.9,122.3,73.1,84.5,108.8,187.6,174.1,54.0,15.0,883.7,6.2,180.4,454.0,243.1,BAGALKOTE,1.8,1.5,4.5,23.5,57.3,80.1,73.6,72.5,137.1,112.8,25.3,7.0,597.0,3.3,85.3,363.3,145.1,597.0
KARNATAKA,RAMNAGAR(BNGR),1.5,4.7,10.2,47.9,122.3,73.1,84.5,108.8,187.6,174.1,54.0,15.0,883.7,6.2,180.4,454.0,243.1,GADAG,1.2,1.0,3.9,33.5,71.7,85.1,70.4,75.3,137.5,121.1,33.0,7.5,641.2,2.2,109.1,368.3,161.6,641.2
KARNATAKA,RAMNAGAR(BNGR),1.5,4.7,10.2,47.9,122.3,73.1,84.5,108.8,187.6,174.1,54.0,15.0,883.7,6.2,180.4,454.0,243.1,HAVERI,0.3,0.5,4.0,43.6,78.5,114.7,169.8,111.1,99.5,119.0,43.9,7.0,791.9,0.8,126.1,495.1,169.9,791.9
KARNATAKA,RAMNAGAR(BNGR),1.5,4.7,10.2,47.9,122.3,73.1,84.5,108.8,187.6,174.1,54.0,15.0,883.7,6.2,180.4,454.0,243.1,KOPPAL,1.2,0.4,2.5,19.2,50.5,72.2,75.6,89.1,145.7,108.1,25.8,8.0,598.3,1.6,72.2,382.6,141.9,598.3
KARNATAKA,RAMNAGAR(BNGR),1.5,4.7,10.2,47.9,122.3,73.1,84.5,108.8,187.6,174.1,54.0,15.0,883.7,6.2,180.4,454.0,243.1,BANGALORE RUR,1.7,5.8,7.6,36.2,93.1,71.2,91.7,118.1,170.9,171.8,55.4,13.5,837.0,7.5,136.9,451.9,240.7,837.0
KARNATAKA,RAMNAGAR(BNGR),1.5,4.7,10.2,47.9,122.3,73.1,84.5,108.8,187.6,174.1,54.0,15.0,883.7,6.2,180.4,454.0,243.1,BELLARY,1.4,1.4,2.9,26.2,57.9,72.4,77.0,89.3,137.3,116.3,31.1,9.6,622.8,2.8,87.0,376.0,157.0,622.8
KARNATAKA,RAMNAGAR(BNGR),1.5,4.7,10.2,47.9,122.3,73.1,84.5,108.8,187.6,174.1,54.0,15.0,883.7,6.2,180.4,454.0,243.1,CHIKMAGALUR,1.6,2.0,12.0,60.2,105.9,395.0,662.1,425.0,175.2,167.4,58.8,12.3,2077.5,3.6,178.1,1657.3,238.5,2077.5
KARNATAKA,RAMNAGAR(BNGR),1.5,4.7,10.2,47.9,122.3,73.1,84.5,108.8,187.6,174.1,54.0,15.0,883.7,6.2,180.4,454.0,243.1,CHITRADURGA,1.4,1.2,4.4,25.8,64.9,50.5,56.1,58.9,105.5,116.4,33.8,8.8,527.7,2.6,95.1,271.0,159.0,527.7
KARNATAKA,RAMNAGAR(BNGR),1.5,4.7,10.2,47.9,122.3,73.1,84.5,108.8,187.6,174.1,54.0,15.0,883.7,6.2,180.4,454.0,243.1,KODAGU,3.5,4.2,18.5,89.8,152.7,542.2,884.4,543.9,211.4,201.7,71.6,17.5,2741.4,7.7,261.0,2181.9,290.8,2741.4
KARNATAKA,RAMNAGAR(BNGR),1.5,4.7,10.2,47.9,122.3,73.1,84.5,108.8,187.6,174.1,54.0,15.0,883.7,6.2,180.4,454.0,243.1,HASSAN,1.3,2.5,10.7,55.1,102.2,125.0,203.8,130.0,115.5,156.0,54.1,10.9,967.1,3.8,168.0,574.3,221.0,967.1
KARNATAKA,RAMNAGAR(BNGR),1.5,4.7,10.2,47.9,122.3,73.1,84.5,108.8,187.6,174.1,54.0,15.0,883.7,6.2,180.4,454.0,243.1,KOLAR,2.7,4.5,10.4,27.8,74.4,63.3,76.4,91.2,151.8,148.2,58.8,21.6,731.1,7.2,112.6,382.7,228.6,731.1
KARNATAKA,RAMNAGAR(BNGR),1.5,4.7,10.2,47.9,122.3,73.1,84.5,108.8,187.6,174.1,54.0,15.0,883.7,6.2,180.4,454.0,243.1,MANDYA,1.9,3.6,7.6,45.3,105.1,48.7,49.3,58.9,128.2,153.1,47.0,14.0,662.7,5.5,158.0,285.1,214.1,662.7
KARNATAKA,RAMNAGAR(BNGR),1.5,4.7,10.2,47.9,122.3,73.1,84.5,108.8,187.6,174.1,54.0,15.0,883.7,6.2,180.4,454.0,243.1,MYSORE,2.5,3.5,11.4,58.7,124.6,79.7,92.4,64.8,106.7,152.4,48.8,13.1,758.6,6.0,194.7,343.6,214.3,758.6
KARNATAKA,RAMNAGAR(BNGR),1.5,4.7,10.2,47.9,122.3,73.1,84.5,108.8,187.6,174.1,54.0,15.0,883.7,6.2,180.4,454.0,243.1,SHIMOGA,0.5,0.4,6.3,38.0,78.3,346.8,624.3,403.8,139.1,137.5,44.6,8.3,1827.9,0.9,122.6,1514.0,190.4,1827.9
KARNATAKA,RAMNAGAR(BNGR),1.5,4.7,10.2,47.9,122.3,73.1,84.5,108.8,187.6,174.1,54.0,15.0,883.7,6.2,180.4,454.0,243.1,TUMKUR,2.4,3.0,7.1,34.0,87.1,61.5,69.7,79.5,148.5,148.9,46.7,10.1,698.5,5.4,128.2,359.2,205.7,698.5
KARNATAKA,RAMNAGAR(BNGR),1.5,4.7,10.2,47.9,122.3,73.1,84.5,108.8,187.6,174.1,54.0,15.0,883.7,6.2,180.4,454.0,243.1,BANGALORE URB,2.3,6.7,8.2,39.2,106.3,73.9,91.6,128.9,181.3,159.7,53.9,18.0,870.0,9.0,153.7,475.7,231.6,870.0
KARNATAKA,RAMNAGAR(BNGR),1.5,4.7,10.2,47.9,122.3,73.1,84.5,108.8,187.6,174.1,54.0,15.0,883.7,6.2,180.4,454.0,243.1,CHAMARAJANAGA,3.4,6.0,13.2,69.2,131.2,61.8,68.7,66.0,124.1,157.8,62.7,24.3,788.4,9.4,213.6,320.6,244.8,788.4
KARNATAKA,RAMNAGAR(BNGR),1.5,4.7,10.2,47.9,122.3,73.1,84.5,108.8,187.6,174.1,54.0,15.0,883.7,6.2,180.4,454.0,243.1,DAVANGERE,1.1,0.8,4.2,35.0,74.0,78.7,102.9,87.0,116.3,124.4,44.9,7.4,676.7,1.9,113.2,384.9,176.7,676.7
KARNATAKA,RAMNAGAR(BNGR),1.5,4.7,10.2,47.9,122.3,73.1,84.5,108.8,187.6,174.1,54.0,15.0,883.7,6.2,180.4,454.0,243.1,RAMNAGAR(BNGR),1.5,4.7,10.2,47.9,122.3,73.1,84.5,108.8,187.6,174.1,54.0,15.0,883.7,6.2,180.4,454.0,243.1,883.7
KARNATAKA,RAMNAGAR(BNGR),1.5,4.7,10.2,47.9,122.3,73.1,84.5,108.8,187.6,174.1,54.0,15.0,883.7,6.2,180.4,454.0,243.1,CHICKBALLAPUR,2.1,4.6,8.2,27.2,69.4,64.3,89.2,104.9,153.4,156.8,52.9,15.5,748.5,6.7,104.8,411.8,225.2,748.5
KARNATAKA,CHICKBALLAPUR,2.1,4.6,8.2,27.2,69.4,64.3,89.2,104.9,153.4,156.8,52.9,15.5,748.5,6.7,104.8,411.8,225.2,UTTAR KANNADA,0.3,0.1,2.7,22.1,114.0,740.9,1053.8,667.7,258.5,155.1,44.1,11.2,3070.5,0.4,138.8,2720.9,210.4,3070.5
KARNATAKA,CHICKBALLAPUR,2.1,4.6,8.2,27.2,69.4,64.3,89.2,104.9,153.4,156.8,52.9,15.5,748.5,6.7,104.8,411.8,225.2,DAKSHIN KANDA,1.9,0.7,6.4,39.8,180.9,977.2,1227.2,833.6,313.6,236.9,82.0,15.6,3915.8,2.6,227.1,3351.6,334.5,3915.8
KARNATAKA,CHICKBALLAPUR,2.1,4.6,8.2,27.2,69.4,64.3,89.2,104.9,153.4,156.8,52.9,15.5,748.5,6.7,104.8,411.8,225.2,UDUPI,1.4,0.4,4.1,29.4,193.8,1081.0,1371.6,902.2,404.9,223.8,74.6,18.8,4306.0,1.8,227.3,3759.7,317.2,4306.0
KARNATAKA,CHICKBALLAPUR,2.1,4.6,8.2,27.2,69.4,64.3,89.2,104.9,153.4,156.8,52.9,15.5,748.5,6.7,104.8,411.8,225.2,BELGAM,0.7,0.9,6.2,30.2,74.8,130.4,204.0,126.7,113.0,116.6,30.6,5.1,839.2,1.6,111.2,574.1,152.3,839.2
KARNATAKA,CHICKBALLAPUR,2.1,4.6,8.2,27.2,69.4,64.3,89.2,104.9,153.4,156.8,52.9,15.5,748.5,6.7,104.8,411.8,225.2,BIDAR,5.9,6.1,10.1,21.7,31.4,137.1,190.7,196.6,170.5,93.5,20.9,6.2,890.7,12.0,63.2,694.9,120.6,890.7
KARNATAKA,CHICKBALLAPUR,2.1,4.6,8.2,27.2,69.4,64.3,89.2,104.9,153.4,156.8,52.9,15.5,748.5,6.7,104.8,411.8,225.2,BIJAPUR,2.4,2.7,5.2,20.1,46.5,94.5,91.8,91.3,158.4,111.7,24.9,6.9,656.4,5.1,71.8,436.0,143.5,656.4
KARNATAKA,CHICKBALLAPUR,2.1,4.6,8.2,27.2,69.4,64.3,89.2,104.9,153.4,156.8,52.9,15.5,748.5,6.7,104.8,411.8,225.2,DHARWAD,2.3,3.2,6.9,46.6,82.5,113.8,149.1,101.6,119.5,120.4,39.6,6.2,791.7,5.5,136.0,484.0,166.2,791.7
KARNATAKA,CHICKBALLAPUR,2.1,4.6,8.2,27.2,69.4,64.3,89.2,104.9,153.4,156.8,52.9,15.5,748.5,6.7,104.8,411.8,225.2,GULBARGA,4.3,2.9,6.2,19.7,36.4,112.8,156.1,167.6,184.0,105.3,20.8,4.5,820.6,7.2,62.3,620.5,130.6,820.6
KARNATAKA,CHICKBALLAPUR,2.1,4.6,8.2,27.2,69.4,64.3,89.2,104.9,153.4,156.8,52.9,15.5,748.5,6.7,104.8,411.8,225.2,YADGIR,4.4,3.6,5.2,20.5,36.8,116.8,153.0,161.2,179.8,123.4,24.5,5.3,834.5,8.0,62.5,610.8,153.2,834.5
KARNATAKA,CHICKBALLAPUR,2.1,4.6,8.2,27.2,69.4,64.3,89.2,104.9,153.4,156.8,52.9,15.5,748.5,6.7,104.8,411.8,225.2,RAICHUR,1.4,2.0,4.1,17.7,40.5,81.7,110.2,122.2,147.5,110.5,21.4,5.9,665.1,3.4,62.3,461.6,137.8,665.1
KARNATAKA,CHICKBALLAPUR,2.1,4.6,8.2,27.2,69.4,64.3,89.2,104.9,153.4,156.8,52.9,15.5,748.5,6.7,104.8,411.8,225.2,BAGALKOTE,1.8,1.5,4.5,23.5,57.3,80.1,73.6,72.5,137.1,112.8,25.3,7.0,597.0,3.3,85.3,363.3,145.1,597.0
KARNATAKA,CHICKBALLAPUR,2.1,4.6,8.2,27.2,69.4,64.3,89.2,104.9,153.4,156.8,52.9,15.5,748.5,6.7,104.8,411.8,225.2,GADAG,1.2,1.0,3.9,33.5,71.7,85.1,70.4,75.3,137.5,121.1,33.0,7.5,641.2,2.2,109.1,368.3,161.6,641.2
KARNATAKA,CHICKBALLAPUR,2.1,4.6,8.2,27.2,69.4,64.3,89.2,104.9,153.4,156.8,52.9,15.5,748.5,6.7,104.8,411.8,225.2,HAVERI,0.3,0.5,4.0,43.6,78.5,114.7,169.8,111.1,99.5,119.0,43.9,7.0,791.9,0.8,126.1,495.1,169.9,791.9
KARNATAKA,CHICKBALLAPUR,2.1,4.6,8.2,27.2,69.4,64.3,89.2,104.9,153.4,156.8,52.9,15.5,748.5,6.7,104.8,411.8,225.2,KOPPAL,1.2,0.4,2.5,19.2,50.5,72.2,75.6,89.1,145.7,108.1,25.8,8.0,598.3,1.6,72.2,382.6,141.9,598.3
KARNATAKA,CHICKBALLAPUR,2.1,4.6,8.2,27.2,69.4,64.3,89.2,104.9,153.4,156.8,52.9,15.5,748.5,6.7,104.8,411.8,225.2,BANGALORE RUR,1.7,5.8,7.6,36.2,93.1,71.2,91.7,118.1,170.9,171.8,55.4,13.5,837.0,7.5,136.9,451.9,240.7,837.0
KARNATAKA,CHICKBALLAPUR,2.1,4.6,8.2,27.2,69.4,64.3,89.2,104.9,153.4,156.8,52.9,15.5,748.5,6.7,104.8,411.8,225.2,BELLARY,1.4,1.4,2.9,26.2,57.9,72.4,77.0,89.3,137.3,116.3,31.1,9.6,622.8,2.8,87.0,376.0,157.0,622.8
KARNATAKA,CHICKBALLAPUR,2.1,4.6,8.2,27.2,69.4,64.3,89.2,104.9,153.4,156.8,52.9,15.5,748.5,6.7,104.8,411.8,225.2,CHIKMAGALUR,1.6,2.0,12.0,60.2,105.9,395.0,662.1,425.0,175.2,167.4,58.8,12.3,2077.5,3.6,178.1,1657.3,238.5,2077.5
KARNATAKA,CHICKBALLAPUR,2.1,4.6,8.2,27.2,69.4,64.3,89.2,104.9,153.4,156.8,52.9,15.5,748.5,6.7,104.8,411.8,225.2,CHITRADURGA,1.4,1.2,4.4,25.8,64.9,50.5,56.1,58.9,105.5,116.4,33.8,8.8,527.7,2.6,95.1,271.0,159.0,527.7
KARNATAKA,CHICKBALLAPUR,2.1,4.6,8.2,27.2,69.4,64.3,89.2,104.9,153.4,156.8,52.9,15.5,748.5,6.7,104.8,411.8,225.2,KODAGU,3.5,4.2,18.5,89.8,152.7,542.2,884.4,543.9,211.4,201.7,71.6,17.5,2741.4,7.7,261.0,2181.9,290.8,2741.4
KARNATAKA,CHICKBALLAPUR,2.1,4.6,8.2,27.2,69.4,64.3,89.2,104.9,153.4,156.8,52.9,15.5,748.5,6.7,104.8,411.8,225.2,HASSAN,1.3,2.5,10.7,55.1,102.2,125.0,203.8,130.0,115.5,156.0,54.1,10.9,967.1,3.8,168.0,574.3,221.0,967.1
KARNATAKA,CHICKBALLAPUR,2.1,4.6,8.2,27.2,69.4,64.3,89.2,104.9,153.4,156.8,52.9,15.5,748.5,6.7,104.8,411.8,225.2,KOLAR,2.7,4.5,10.4,27.8,74.4,63.3,76.4,91.2,151.8,148.2,58.8,21.6,731.1,7.2,112.6,382.7,228.6,731.1
KARNATAKA,CHICKBALLAPUR,2.1,4.6,8.2,27.2,69.4,64.3,89.2,104.9,153.4,156.8,52.9,15.5,748.5,6.7,104.8,411.8,225.2,MANDYA,1.9,3.6,7.6,45.3,105.1,48.7,49.3,58.9,128.2,153.1,47.0,14.0,662.7,5.5,158.0,285.1,214.1,662.7
KARNATAKA,CHICKBALLAPUR,2.1,4.6,8.2,27.2,69.4,64.3,89.2,104.9,153.4,156.8,52.9,15.5,748.5,6.7,104.8,411.8,225.2,MYSORE,2.5,3.5,11.4,58.7,124.6,79.7,92.4,64.8,106.7,152.4,48.8,13.1,758.6,6.0,194.7,343.6,214.3,758.6
KARNATAKA,CHICKBALLAPUR,2.1,4.6,8.2,27.2,69.4,64.3,89.2,104.9,153.4,156.8,52.9,15.5,748.5,6.7,104.8,411.8,225.2,SHIMOGA,0.5,0.4,6.3,38.0,78.3,346.8,624.3,403.8,139.1,137.5,44.6,8.3,1827.9,0.9,122.6,1514.0,190.4,1827.9
KARNATAKA,CHICKBALLAPUR,2.1,4.6,8.2,27.2,69.4,64.3,89.2,104.9,153.4,156.8,52.9,15.5,748.5,6.7,104.8,411.8,225.2,TUMKUR,2.4,3.0,7.1,34.0,87.1,61.5,69.7,79.5,148.5,148.9,46.7,10.1,698.5,5.4,128.2,359.2,205.7,698.5
KARNATAKA,CHICKBALLAPUR,2.1,4.6,8.2,27.2,69.4,64.3,89.2,104.9,153.4,156.8,52.9,15.5,748.5,6.7,104.8,411.8,225.2,BANGALORE URB,2.3,6.7,8.2,39.2,106.3,73.9,91.6,128.9,181.3,159.7,53.9,18.0,870.0,9.0,153.7,475.7,231.6,870.0
KARNATAKA,CHICKBALLAPUR,2.1,4.6,8.2,27.2,69.4,64.3,89.2,104.9,153.4,156.8,52.9,15.5,748.5,6.7,104.8,411.8,225.2,CHAMARAJANAGA,3.4,6.0,13.2,69.2,131.2,61.8,68.7,66.0,124.1,157.8,62.7,24.3,788.4,9.4,213.6,320.6,244.8,788.4
KARNATAKA,CHICKBALLAPUR,2.1,4.6,8.2,27.2,69.4,64.3,89.2,104.9,153.4,156.8,52.9,15.5,748.5,6.7,104.8,411.8,225.2,DAVANGERE,1.1,0.8,4.2,35.0,74.0,78.7,102.9,87.0,116.3,124.4,44.9,7.4,676.7,1.9,113.2,384.9,176.7,676.7
KARNATAKA,CHICKBALLAPUR,2.1,4.6,8.2,27.2,69.4,64.3,89.2,104.9,153.4,156.8,52.9,15.5,748.5,6.7,104.8,411.8,225.2,RAMNAGAR(BNGR),1.5,4.7,10.2,47.9,122.3,73.1,84.5,108.8,187.6,174.1,54.0,15.0,883.7,6.2,180.4,454.0,243.1,883.7
KARNATAKA,CHICKBALLAPUR,2.1,4.6,8.2,27.2,69.4,64.3,89.2,104.9,153.4,156.8,52.9,15.5,748.5,6.7,104.8,411.8,225.2,CHICKBALLAPUR,2.1,4.6,8.2,27.2,69.4,64.3,89.2,104.9,153.4,156.8,52.9,15.5,748.5,6.7,104.8,411.8,225.2,748.5
